name,datetime,tempmax,tempmin,temp,feelslikemax,feelslikemin,feelslike,dew,humidity,precip,precipprob,precipcover,preciptype,snow,snowdepth,windgust,windspeed,winddir,sealevelpressure,cloudcover,visibility,solarradiation,solarenergy,uvindex,severerisk,sunrise,sunset,moonphase,conditions,description,icon,stations
"khulna,Bangladesh",1/1/2014,26,10.4,17.9,26,10.4,17.9,11.5,69.4,0,0,0,,,,,13,340.8,1016.2,62,3.2,190.3,16.3,7,,2014-01-01T06:42:32,2014-01-01T17:28:06,0,Partially cloudy,Partly cloudy throughout the day.,partly-cloudy-day,"41947099999,41946099999,41958099999,41936099999,remote,41939099999"
"khulna,Bangladesh",1/2/2014,27.2,12.3,18.7,27.1,12.3,18.7,13.8,76.1,0,0,0,,,,,14.8,339.2,1015.8,55.3,3,177.7,15.3,7,,2014-01-02T06:42:50,2014-01-02T17:28:44,0.03,Partially cloudy,Partly cloudy throughout the day.,partly-cloudy-day,"41947099999,41946099999,41958099999,41936099999,remote,41939099999"
"khulna,Bangladesh",1/3/2014,24.2,12.2,17.1,24.2,12.2,17.1,11.7,74.4,0,0,0,,,,,14,342.1,1017,12.6,2.5,176.4,15.2,7,,2014-01-03T06:43:07,2014-01-03T17:29:23,0.06,Clear,Clear conditions throughout the day.,clear-day,"41947099999,41946099999,41958099999,41936099999,remote"
"khulna,Bangladesh",1/4/2014,24,8.9,15.2,24,8.2,15.1,7.9,66.8,0,0,0,,,,,15.8,326.4,1015.1,0,2.8,180.4,15.6,7,,2014-01-04T06:43:23,2014-01-04T17:30:03,0.09,Clear,Clear conditions throughout the day.,clear-day,"41947099999,41946099999,41958099999,41936099999,remote,41939099999"
"khulna,Bangladesh",1/5/2014,24.9,8.7,16.2,24.9,7.5,15.9,9,66.4,0,0,0,,,,,10.4,333.9,1013.4,16.2,3.6,175,15,7,,2014-01-05T06:43:37,2014-01-05T17:30:43,0.13,Clear,Clear conditions throughout the day.,clear-day,"41947099999,41946099999,41958099999,41936099999,remote,41939099999"
"khulna,Bangladesh",1/6/2014,24.7,12.7,17.7,24.7,12.7,17.7,12.3,72.8,0,0,0,,,,,12.2,336.3,1013.7,14.8,2.6,135.1,11.7,6,,2014-01-06T06:43:50,2014-01-06T17:31:23,0.16,Clear,Clear conditions throughout the day.,clear-day,"41947099999,41946099999,41958099999,41936099999,remote,41939099999"
"khulna,Bangladesh",1/7/2014,25.5,12.9,17.7,25.5,12.9,17.7,13.1,77.3,0,0,0,,,,,12.2,340.6,1015.4,7.1,1.3,170.4,14.7,6,,2014-01-07T06:44:02,2014-01-07T17:32:04,0.2,Clear,Clear conditions throughout the day.,clear-day,"41947099999,41946099999,41958099999,41936099999,remote,41939099999"
"khulna,Bangladesh",1/8/2014,24.9,9.8,16,24.9,8.6,16,7.7,63.5,0,0,0,,,,,11.2,351.1,1017,17.7,3.2,196.6,16.9,7,,2014-01-08T06:44:12,2014-01-08T17:32:46,0.25,Clear,Clear conditions throughout the day.,clear-day,"41947099999,41946099999,41958099999,41936099999,remote,41939099999"
"khulna,Bangladesh",1/9/2014,24.2,8.4,15.3,24.2,7,15,6.1,60.2,0,0,0,,,,,13,339.3,1016,1.2,2.4,185.1,15.8,7,,2014-01-09T06:44:21,2014-01-09T17:33:27,0.26,Clear,Clear conditions throughout the day.,clear-day,"41947099999,41946099999,41958099999,41936099999,remote,41939099999"
"khulna,Bangladesh",1/10/2014,25.7,8.7,15.8,25.7,7.2,15.6,8.2,64.8,0,0,0,,,,,11.5,355.3,1016.2,0,1.2,188.7,16.2,7,,2014-01-10T06:44:29,2014-01-10T17:34:09,0.3,Clear,Clear conditions throughout the day.,clear-day,"41947099999,41946099999,41958099999,41936099999,remote,41939099999"
"khulna,Bangladesh",1/11/2014,27.6,11.1,18,26.7,11.1,17.9,9.6,62,0,0,0,,,,,10.4,0.9,1016.2,2.7,3.7,187.7,16.1,7,,2014-01-11T06:44:35,2014-01-11T17:34:51,0.33,Clear,Clear conditions throughout the day.,clear-day,"41947099999,41946099999,41958099999,41936099999,remote,41939099999"
"khulna,Bangladesh",1/12/2014,22.4,11.9,17.6,22.4,11.9,17.6,13.7,79.2,0,0,0,,,,,11.2,346.8,1017.6,35.9,3.1,100.8,8.7,3,,2014-01-12T06:44:40,2014-01-12T17:35:33,0.37,Partially cloudy,Partly cloudy throughout the day.,partly-cloudy-day,"41947099999,41946099999,41958099999,41936099999,remote,41939099999"
"khulna,Bangladesh",1/13/2014,26.2,13,18.3,26.2,13,18.3,13.1,75.1,0,0,0,,,,,13.7,338.7,1018,30.7,3.7,182.1,15.6,7,,2014-01-13T06:44:44,2014-01-13T17:36:16,0.4,Partially cloudy,Clearing in the afternoon.,partly-cloudy-day,"41947099999,41946099999,41958099999,41936099999,remote,41939099999"
"khulna,Bangladesh",1/14/2014,26,11.6,17,26,11.6,17,12,76.3,0,0,0,,,,,12.2,328.3,1015.8,11.4,2.6,178.5,15.5,7,,2014-01-14T06:44:46,2014-01-14T17:36:59,0.43,Clear,Clear conditions throughout the day.,clear-day,"41947099999,41946099999,41958099999,41936099999,remote,41939099999"
"khulna,Bangladesh",1/15/2014,26.1,11.1,16.9,26.1,11.1,16.9,11.5,74.7,0,0,0,,,,,10.1,343.2,1016.5,12.7,2.6,188.4,16.4,7,,2014-01-15T06:44:47,2014-01-15T17:37:41,0.47,Clear,Clear conditions throughout the day.,clear-day,"41947099999,41946099999,41958099999,41936099999,remote,41939099999"
"khulna,Bangladesh",1/16/2014,24.9,10.5,16.8,24.9,10.5,16.8,10.9,71.6,0,0,0,,,,,10.1,351.9,1017.9,16.5,4.5,180.3,15.6,7,,2014-01-16T06:44:47,2014-01-16T17:38:24,0.5,Clear,Clear conditions throughout the day.,clear-day,"41947099999,41946099999,41958099999,41936099999,remote,41939099999"
"khulna,Bangladesh",1/17/2014,26.6,11.2,17.7,26.6,11.2,17.7,11.5,70.7,0,0,0,,,,,11.5,3.5,1017.7,12,3.2,191.5,16.5,7,,2014-01-17T06:44:45,2014-01-17T17:39:07,0.54,Clear,Clear conditions throughout the day.,clear-day,"41947099999,41946099999,41958099999,41936099999,remote,41939099999"
"khulna,Bangladesh",1/18/2014,28.6,11.7,18.7,27.4,11.7,18.6,11.7,68.9,0,0,0,,,,,9.7,346.9,1017.5,3.6,2.2,193.3,16.7,7,,2014-01-18T06:44:41,2014-01-18T17:39:50,0.57,Clear,Clear conditions throughout the day.,clear-day,"41947099999,41946099999,41958099999,41936099999,remote,41939099999"
"khulna,Bangladesh",1/19/2014,28.7,13,19.8,27.9,13,19.7,13.9,72.6,0,0,0,,,,,14,308.4,1018.8,12.9,3,171.7,14.7,7,,2014-01-19T06:44:37,2014-01-19T17:40:32,0.6,Clear,Clear conditions throughout the day.,clear-day,"41947099999,41946099999,41958099999,41936099999,remote,41939099999"
"khulna,Bangladesh",1/20/2014,27.3,14.2,19.1,26.7,14.2,19.1,12.4,69.3,0,0,0,,,,,13.3,349.3,1020.3,39.3,3.5,170.6,14.7,7,,2014-01-20T06:44:31,2014-01-20T17:41:15,0.64,Partially cloudy,Partly cloudy throughout the day.,partly-cloudy-day,"41947099999,41946099999,41958099999,41936099999,remote,41939099999"
"khulna,Bangladesh",1/21/2014,25.5,10.8,16.9,25.5,10.8,16.9,9.8,66.8,0,0,0,,,,,11.2,346.7,1019.6,35.7,2.1,177.4,15.1,7,,2014-01-21T06:44:23,2014-01-21T17:41:58,0.67,Partially cloudy,Partly cloudy throughout the day.,partly-cloudy-day,"41947099999,41946099999,41958099999,41936099999,remote,41939099999"
"khulna,Bangladesh",1/22/2014,28.6,10.7,18.9,27.4,10.7,18.7,11.1,66.2,0,0,0,,,,,8.6,291.9,1018.4,12.5,2.6,204.2,17.6,7,,2014-01-22T06:44:14,2014-01-22T17:42:40,0.71,Clear,Clear conditions throughout the day.,clear-day,"41947099999,41946099999,41958099999,41936099999,remote,41939099999"
"khulna,Bangladesh",1/23/2014,29.1,13.3,19.8,27.8,13.3,19.6,11.9,66,0,0,0,,,,,10.1,289.2,1017.6,4.5,2.5,205.3,17.8,7,,2014-01-23T06:44:04,2014-01-23T17:43:22,0.74,Clear,Clear conditions throughout the day.,clear-day,"41947099999,41946099999,41958099999,41936099999,remote,41939099999"
"khulna,Bangladesh",1/24/2014,28,12.8,19.4,27.1,12.8,19.3,12.1,67.1,0,0,0,,,,,10.8,321.1,1015.9,0.2,4.3,197.8,17.2,7,,2014-01-24T06:43:52,2014-01-24T17:44:04,0.75,Clear,Clear conditions throughout the day.,clear-day,"41947099999,41946099999,41958099999,41936099999,remote,41939099999"
"khulna,Bangladesh",1/25/2014,29.4,13.5,20.4,28.2,13.5,20.2,13.3,68.4,0,0,0,,,,,14,335.8,1014.9,12.9,3.5,205.7,17.7,8,,2014-01-25T06:43:39,2014-01-25T17:44:46,0.81,Clear,Clear conditions throughout the day.,clear-day,"41947099999,41946099999,41958099999,41936099999,remote,41939099999"
"khulna,Bangladesh",1/26/2014,28.1,13.7,19.4,26.8,13.7,19.3,10.2,61.6,0,0,0,,,,,22.3,340.5,1015.6,6,5,222.1,19.1,8,,2014-01-26T06:43:25,2014-01-26T17:45:28,0.84,Clear,Clear conditions throughout the day.,clear-day,"41947099999,41946099999,41958099999,41936099999,remote,41939099999"
"khulna,Bangladesh",1/27/2014,26.9,10,17.2,26.1,8.6,17.1,7.8,58.5,0,0,0,,,,,14.4,331.1,1016,36.7,4.1,213.5,18.3,8,,2014-01-27T06:43:09,2014-01-27T17:46:09,0.88,Partially cloudy,Partly cloudy throughout the day.,partly-cloudy-day,"41947099999,41946099999,41958099999,41936099999,remote,41939099999"
"khulna,Bangladesh",1/28/2014,26.2,9.8,16.2,26.2,8.5,16.2,8.6,65.1,0,0,0,,,,,13.3,340.5,1016.2,60.2,3.3,177.5,15.5,6,,2014-01-28T06:42:52,2014-01-28T17:46:51,0.91,Partially cloudy,Partly cloudy throughout the day.,partly-cloudy-day,"41947099999,41946099999,41958099999,41936099999,remote,41939099999"
"khulna,Bangladesh",1/29/2014,27.7,10.5,17.8,26.5,10.5,17.6,7.9,57.7,0,0,0,,,1,,15.5,345.9,1016.5,38.9,3.2,202.7,17.3,8,,2014-01-29T06:42:34,2014-01-29T17:47:31,0.94,Partially cloudy,Partly cloudy throughout the day.,partly-cloudy-day,"41947099999,41946099999,41958099999,41936099999,remote,41939099999"
"khulna,Bangladesh",1/30/2014,28.6,11.2,18.7,27.1,11.2,18.5,8.2,56,0,0,0,,,,,11.5,335.8,1016.3,38.8,3.5,189.6,16.2,7,,2014-01-30T06:42:14,2014-01-30T17:48:12,0.98,Partially cloudy,Partly cloudy throughout the day.,partly-cloudy-day,"41947099999,41946099999,41958099999,41936099999,remote,41939099999"
"khulna,Bangladesh",1/31/2014,28.8,11.1,18.1,27.3,11.1,18,9.2,61.5,0,0,0,,,,,12.6,336.6,1016.4,2.6,2.6,209.9,18.1,8,,2014-01-31T06:41:53,2014-01-31T17:48:52,0,Clear,Clear conditions throughout the day.,clear-day,"41947099999,41946099999,41958099999,41936099999,remote,41939099999"
"khulna,Bangladesh",2/1/2014,29,10.6,18.1,27.5,10.6,18,9,61.4,0,0,0,,,,,16.6,334,1016.4,5.7,2.3,215.2,18.6,8,,2014-02-01T06:41:30,2014-02-01T17:49:32,0.04,Clear,Clear conditions throughout the day.,clear-day,"41947099999,41946099999,41958099999,41936099999,remote,41939099999"
"khulna,Bangladesh",2/2/2014,29.1,10.2,18.3,27.4,10.2,18.1,6,51.1,0,0,0,,,,,18.4,329.9,1014.3,6.7,3.9,227.7,19.7,8,,2014-02-02T06:41:07,2014-02-02T17:50:11,0.08,Clear,Clear conditions throughout the day.,clear-day,"41947099999,41946099999,41958099999,41936099999,remote,41939099999"
"khulna,Bangladesh",2/3/2014,29.6,9.8,18.7,27.8,8.4,18.4,6.8,53.4,0,0,0,,,,,14.8,328.7,1012.2,28.7,3.7,228.5,19.8,8,,2014-02-03T06:40:42,2014-02-03T17:50:51,0.11,Partially cloudy,Partly cloudy throughout the day.,partly-cloudy-day,"41947099999,41946099999,41958099999,41936099999,remote,41939099999"
"khulna,Bangladesh",2/4/2014,30.2,11.7,19.9,28.3,11.7,19.5,7.9,53,0,0,0,,,,,9.4,319.7,1010.1,12,3.2,214.3,18.5,8,,2014-02-04T06:40:16,2014-02-04T17:51:29,0.14,Clear,Clear conditions throughout the day.,clear-day,"41947099999,41946099999,41958099999,41936099999,remote,41939099999"
"khulna,Bangladesh",2/5/2014,30.3,12.2,21,28.6,12.2,20.7,10.1,54.7,0,0,0,,,,,13.3,311.8,1009.5,8.6,3,209.4,18.1,8,,2014-02-05T06:39:48,2014-02-05T17:52:07,0.18,Clear,Clear conditions throughout the day.,clear-day,"41947099999,41946099999,41958099999,41936099999,remote,41939099999"
"khulna,Bangladesh",2/6/2014,31.7,14.8,22.3,29.7,14.8,22,11.3,55.2,0,0,0,,,,,14.8,298.8,1009.7,5.1,3.9,216.3,18.7,8,,2014-02-06T06:39:20,2014-02-06T17:52:45,0.21,Clear,Clear conditions throughout the day.,clear-day,"41947099999,41946099999,41958099999,41936099999,remote,41939099999"
"khulna,Bangladesh",2/7/2014,31.6,14.1,22.5,29.7,14.1,22.1,11,53.9,0,0,0,,,,,12.2,314.7,1009.3,31.8,4.2,227.1,19.5,8,,2014-02-07T06:38:50,2014-02-07T17:53:23,0.25,Partially cloudy,Becoming cloudy in the afternoon.,partly-cloudy-day,"41947099999,41946099999,41958099999,41936099999,remote,41939099999"
"khulna,Bangladesh",2/8/2014,34,16.8,24.2,32.1,16.8,23.8,14.2,60.1,0,0,0,,,,,12.6,255.7,1008.1,59.6,3.6,207.6,18.1,8,,2014-02-08T06:38:19,2014-02-08T17:54:00,0.28,Partially cloudy,Partly cloudy throughout the day.,partly-cloudy-day,"41947099999,41946099999,41958099999,41936099999,remote,41939099999"
"khulna,Bangladesh",2/9/2014,33.8,19.3,25,32,19.3,24.6,15.3,62.2,0,0,0,,,,,11.2,327.5,1007.7,7.1,3.6,215.9,18.5,8,,2014-02-09T06:37:47,2014-02-09T17:54:36,0.31,Clear,Clear conditions throughout the day.,clear-day,"41947099999,41946099999,41958099999,41936099999,remote,41939099999"
"khulna,Bangladesh",2/10/2014,32.3,18.1,24.6,30.9,18.1,24.3,13.9,54.7,0,0,0,,,,,11.5,28.5,1009.4,26.8,5.1,210.1,18.1,8,,2014-02-10T06:37:14,2014-02-10T17:55:12,0.34,Partially cloudy,Partly cloudy throughout the day.,partly-cloudy-day,"41947099999,41946099999,41958099999,41936099999,remote,41939099999"
"khulna,Bangladesh",2/11/2014,31.7,17,23.7,30.5,17,23.5,14.1,58.3,0,0,0,,,,,11.2,334.9,1009.9,26.9,4,194.7,16.9,8,,2014-02-11T06:36:39,2014-02-11T17:55:48,0.38,Partially cloudy,Partly cloudy throughout the day.,partly-cloudy-day,"41947099999,41946099999,41958099999,41936099999,remote,41939099999"
"khulna,Bangladesh",2/12/2014,31.5,16.8,23,29.6,16.8,22.6,10.1,49,0,0,0,,,,,13,341.5,1009.9,16.6,4.6,213.3,18.4,8,,2014-02-12T06:36:04,2014-02-12T17:56:23,0.41,Clear,Clear conditions throughout the day.,clear-day,"41947099999,41946099999,41958099999,41936099999,remote,41939099999"
"khulna,Bangladesh",2/13/2014,31.4,15.1,22.3,29.3,15.1,21.9,8.7,47.9,0,0,0,,,,,10.1,17.7,1013,29.7,4.8,233.8,20.2,8,,2014-02-13T06:35:27,2014-02-13T17:56:58,0.44,Partially cloudy,Partly cloudy throughout the day.,partly-cloudy-day,"41947099999,41946099999,41958099999,41936099999,remote,41939099999"
"khulna,Bangladesh",2/14/2014,32.5,15.1,23.4,30.5,15.1,22.9,10.3,48.2,0,0,0,,,,,9.4,141.5,1013,33.5,4.4,230,20,8,,2014-02-14T06:34:50,2014-02-14T17:57:32,0.48,Partially cloudy,Partly cloudy throughout the day.,partly-cloudy-day,"41947099999,41946099999,41958099999,41936099999,remote,41939099999"
"khulna,Bangladesh",2/15/2014,31.5,17.1,23.3,30.2,17.1,23,13.4,57.2,2.3,100,45.83,rain,,,,12.2,197.9,1011.7,20.1,3.7,213.9,18.5,8,,2014-02-15T06:34:11,2014-02-15T17:58:06,0.5,"Rain, Partially cloudy",Partly cloudy throughout the day with rain.,rain,"41947099999,41946099999,41958099999,41936099999,remote,41939099999"
"khulna,Bangladesh",2/16/2014,23.3,16.7,19.9,23.3,16.7,19.9,17.4,86.2,10,100,75,rain,,,,16.2,55.9,1011.5,72.8,3.5,87.3,7.4,3,,2014-02-16T06:33:31,2014-02-16T17:58:39,0.54,"Rain, Partially cloudy",Partly cloudy throughout the day with rain.,rain,"41947099999,41946099999,41958099999,41936099999,remote,41939099999"
"khulna,Bangladesh",2/17/2014,26.8,14.1,19.4,26.7,14.1,19.3,13,71.3,7.4,100,45.83,rain,,,,23.4,308.6,1013.2,65.2,3.6,192.2,16.5,8,,2014-02-17T06:32:51,2014-02-17T17:59:12,0.58,"Rain, Partially cloudy",Partly cloudy throughout the day with rain clearing later.,rain,"41947099999,41946099999,41958099999,41936099999,remote,41939099999"
"khulna,Bangladesh",2/18/2014,27.2,10.3,18,26.1,10.3,17.9,7.4,57.1,0,0,0,,,,,11.2,334.7,1016.8,44.7,3.6,253.4,22,9,,2014-02-18T06:32:09,2014-02-18T17:59:44,0.61,Partially cloudy,Partly cloudy throughout the day.,partly-cloudy-day,"41947099999,41946099999,41958099999,41936099999,remote,41939099999"
"khulna,Bangladesh",2/19/2014,28.3,11.2,19,27,11.2,18.9,9.3,58.2,0,0,0,,,,,12.2,335.5,1015,31.2,5,224.3,19.5,8,,2014-02-19T06:31:27,2014-02-19T18:00:16,0.65,Partially cloudy,Partly cloudy throughout the day.,partly-cloudy-day,"41947099999,41946099999,41958099999,41936099999,remote,41939099999"
"khulna,Bangladesh",2/20/2014,30.1,11.9,20,28.3,11.9,19.8,10,58.7,0,0,0,,,,,10.4,314.8,1013.8,43.5,4.9,242.7,21,9,,2014-02-20T06:30:44,2014-02-20T18:00:47,0.68,Partially cloudy,Partly cloudy throughout the day.,partly-cloudy-day,"41947099999,41946099999,41958099999,41936099999,remote,41939099999"
"khulna,Bangladesh",2/21/2014,30.5,14,21.4,28.7,14,21.1,11,57.1,0,0,0,,,,,9,300.5,1014.6,0.5,3.9,242,20.8,9,,2014-02-21T06:29:59,2014-02-21T18:01:18,0.72,Clear,Clear conditions throughout the day.,clear-day,"41947099999,41946099999,41958099999,41936099999,remote,41939099999"
"khulna,Bangladesh",2/22/2014,30.9,15.3,22.4,29.3,15.3,22.1,13.4,61.8,0,0,0,,,,,6.8,304.5,1015.5,0,5.4,225.4,19.5,8,,2014-02-22T06:29:14,2014-02-22T18:01:48,0.75,Clear,Clear conditions throughout the day.,clear-day,"41947099999,41946099999,41958099999,41936099999,remote,41939099999"
"khulna,Bangladesh",2/23/2014,31.2,16.1,22.8,29.6,16.1,22.5,13.8,60.8,0,0,0,,,,,9.4,344,1016.1,54,4.9,187.1,16.2,7,,2014-02-23T06:28:28,2014-02-23T18:02:18,0.79,Partially cloudy,Partly cloudy throughout the day.,partly-cloudy-day,"41947099999,41946099999,41958099999,41936099999,remote,41939099999"
"khulna,Bangladesh",2/24/2014,31.4,17.1,23.5,31.2,17.1,23.6,16.9,69.6,0,0,0,,,,,10.8,330.7,1016.2,4.1,5.6,220.3,19.1,8,,2014-02-24T06:27:42,2014-02-24T18:02:48,0.82,Clear,Clear conditions throughout the day.,clear-day,"41947099999,41946099999,41958099999,41936099999,remote,41939099999"
"khulna,Bangladesh",2/25/2014,32.3,17.3,24.3,30.9,17.3,24.1,15.5,62.8,0,0,0,,,,,11.9,353.8,1015.9,1.5,5.7,243.5,21.1,9,,2014-02-25T06:26:54,2014-02-25T18:03:17,0.86,Clear,Clear conditions throughout the day.,clear-day,"41947099999,41946099999,41958099999,41936099999,remote,41939099999"
"khulna,Bangladesh",2/26/2014,32.6,17.5,23.9,31,17.5,23.6,14.3,59.4,0,0,0,,,,,10.4,329.4,1014.5,0.5,5.5,237.4,20.4,8,,2014-02-26T06:26:06,2014-02-26T18:03:46,0.89,Clear,Clear conditions throughout the day.,clear-day,"41947099999,41946099999,41958099999,41936099999,remote,41939099999"
"khulna,Bangladesh",2/27/2014,33.8,17,24.4,32.3,17,24.1,14.3,58.1,0,0,0,,,,,11.5,330.4,1014.5,43.7,5.1,246.9,21.3,9,,2014-02-27T06:25:17,2014-02-27T18:04:14,0.93,Partially cloudy,Partly cloudy throughout the day.,partly-cloudy-day,"41947099999,41946099999,41958099999,41936099999,remote,41939099999"
"khulna,Bangladesh",2/28/2014,33,19.1,24.5,32,19.1,24.3,15.3,60,0.1,100,4.17,rain,,,,18.4,345.1,1015.4,23.5,5.8,231.5,19.9,9,,2014-02-28T06:24:28,2014-02-28T18:04:42,0.96,"Rain, Partially cloudy",Partly cloudy throughout the day with morning rain.,rain,"41947099999,41946099999,41958099999,41936099999,remote,41939099999"
"khulna,Bangladesh",3/1/2014,33.2,17.8,24.4,32.5,17.8,24.2,15.8,63.2,0,0,0,,,,,15.1,358.6,1014.8,14.8,5.8,259.4,22.4,9,,2014-03-01T06:23:37,2014-03-01T18:05:10,0,Clear,Clear conditions throughout the day.,clear-day,"41947099999,41946099999,41958099999,41936099999,remote,41939099999"
"khulna,Bangladesh",3/2/2014,34.2,18.3,25.2,32.7,18.3,24.9,14.8,57.1,0,0,0,,,,,15.1,342.1,1013.4,17.8,5.9,247.5,21.3,9,,2014-03-02T06:22:47,2014-03-02T18:05:37,0.03,Clear,Clear conditions throughout the day.,clear-day,"41947099999,41946099999,41958099999,41936099999,remote,41939099999"
"khulna,Bangladesh",3/3/2014,33.5,17.6,24.8,31.7,17.6,24.5,14.7,59.4,0,0,0,,,,,15.1,338.3,1014,39.9,5.8,243.5,21,9,,2014-03-03T06:21:55,2014-03-03T18:06:03,0.06,Partially cloudy,Becoming cloudy in the afternoon.,partly-cloudy-day,"41947099999,41946099999,41958099999,41936099999,remote,41939099999"
"khulna,Bangladesh",3/4/2014,31.4,18.1,23.7,29.6,18.1,23.4,12.1,52.2,0,0,0,,,,,13.7,344.1,1014.6,54.1,5.8,176.7,15.4,6,,2014-03-04T06:21:03,2014-03-04T18:06:30,0.09,Partially cloudy,Partly cloudy throughout the day.,partly-cloudy-day,"41947099999,41946099999,41958099999,41936099999,remote,41939099999"
"khulna,Bangladesh",3/5/2014,33.2,17.8,24.3,31.7,17.8,24,13.7,55.8,0,0,0,,,,,14.4,309.3,1014.3,21.6,5.8,247.5,21.6,9,,2014-03-05T06:20:10,2014-03-05T18:06:56,0.13,Partially cloudy,Partly cloudy throughout the day.,partly-cloudy-day,"41947099999,41946099999,41958099999,41936099999,remote,41939099999"
"khulna,Bangladesh",3/6/2014,33.5,16.5,24.2,31.5,16.5,23.8,12.2,52.9,0,0,0,,,,,14,317.3,1013.9,5.2,5.8,258.9,22.4,9,,2014-03-06T06:19:17,2014-03-06T18:07:21,0.16,Clear,Clear conditions throughout the day.,clear-day,"41947099999,41946099999,41958099999,41936099999,remote,41939099999"
"khulna,Bangladesh",3/7/2014,33.1,16.8,24,30.9,16.8,23.5,10.1,47.2,0,0,0,,,,,15.8,325.5,1014.7,7.9,5.4,264.2,23,9,,2014-03-07T06:18:24,2014-03-07T18:07:47,0.19,Clear,Clear conditions throughout the day.,clear-day,"41947099999,41946099999,41958099999,41936099999,remote,41939099999"
"khulna,Bangladesh",3/8/2014,33.6,16,24.2,31.4,16,23.6,10.9,49.3,0,0,0,,,,,13,340.7,1015.8,17.4,5.4,268.4,23.2,9,,2014-03-08T06:17:30,2014-03-08T18:08:12,0.25,Clear,Clear conditions throughout the day.,clear-day,"41947099999,41946099999,41958099999,41936099999,remote,41939099999"
"khulna,Bangladesh",3/9/2014,34.1,17,24.8,31.8,17,24.2,10.7,47,0,0,0,,,,,11.9,329.5,1014.7,21.1,6.4,259,22.4,9,,2014-03-09T06:16:35,2014-03-09T18:08:36,0.26,Partially cloudy,Becoming cloudy in the afternoon.,partly-cloudy-day,"41947099999,41946099999,41958099999,41936099999,remote,41939099999"
"khulna,Bangladesh",3/10/2014,35.4,16.3,25,33,16.3,24.3,9.9,44.6,0,0,0,,,,,13.7,323.5,1014,15.6,5.8,269.2,23.2,9,,2014-03-10T06:15:40,2014-03-10T18:09:01,0.29,Clear,Clear conditions throughout the day.,clear-day,"41947099999,41946099999,41958099999,41936099999,remote,41939099999"
"khulna,Bangladesh",3/11/2014,35.4,17.8,25.9,33.3,17.8,25.4,11.5,44.8,0,0,0,,,,,12.6,302.3,1014.9,32.6,6.4,257.9,22.4,9,,2014-03-11T06:14:45,2014-03-11T18:09:25,0.32,Partially cloudy,Partly cloudy throughout the day.,partly-cloudy-day,"41947099999,41946099999,41958099999,41936099999,remote,41939099999"
"khulna,Bangladesh",3/12/2014,35.2,19.5,26.9,34,19.5,26.6,15.5,54.3,0,0,0,,,,,11.2,298.1,1013.3,63.5,6,223.9,19.3,8,,2014-03-12T06:13:49,2014-03-12T18:09:49,0.35,Partially cloudy,Partly cloudy throughout the day.,partly-cloudy-day,"41947099999,41946099999,41958099999,41936099999,remote,41939099999"
"khulna,Bangladesh",3/13/2014,35.9,21.5,27.6,34.7,21.5,27.5,16.1,53.7,0,0,0,,,,,14,301.2,1012.5,73.4,6,187.9,16.3,8,,2014-03-13T06:12:53,2014-03-13T18:10:13,0.39,Partially cloudy,Partly cloudy throughout the day.,partly-cloudy-day,"41947099999,41946099999,41958099999,41936099999,remote,41939099999"
"khulna,Bangladesh",3/14/2014,36.5,21.1,27.8,35.2,21.1,27.5,15.2,50.9,0,0,0,,,,,13.3,315.6,1012.8,17.2,6,263.8,22.8,9,,2014-03-14T06:11:57,2014-03-14T18:10:36,0.42,Clear,Clear conditions throughout the day.,clear-day,"41947099999,41946099999,41958099999,41936099999,remote,41939099999"
"khulna,Bangladesh",3/15/2014,37.4,19.4,27.2,35.3,19.4,26.6,12.6,46.4,0,0,0,,,,,16.2,315.4,1014.1,2.8,5.8,276.9,23.9,9,,2014-03-15T06:11:00,2014-03-15T18:10:59,0.45,Clear,Clear conditions throughout the day.,clear-day,"41947099999,41946099999,41958099999,41936099999,remote,41939099999"
"khulna,Bangladesh",3/16/2014,37.3,17.7,27,34.7,17.7,26.3,11,43.8,0,0,0,,,,,15.1,313.3,1014.5,0,6.2,285.3,24.7,10,,2014-03-16T06:10:03,2014-03-16T18:11:22,0.5,Clear,Clear conditions throughout the day.,clear-day,"41947099999,41946099999,41958099999,41936099999,remote,41939099999"
"khulna,Bangladesh",3/17/2014,37.1,18.8,27.2,34.7,18.8,26.6,12.7,47.9,0,0,0,,,,,14,281.1,1013.2,0.1,4.4,279.5,24.2,9,,2014-03-17T06:09:06,2014-03-17T18:11:45,0.52,Clear,Clear conditions throughout the day.,clear-day,"41947099999,41946099999,41958099999,41936099999,remote,41939099999"
"khulna,Bangladesh",3/18/2014,38.1,21.1,29.3,37.4,21.1,29.7,18,56.6,0,0,0,,,,,10.8,239.9,1012.2,17.6,6.6,274.2,23.6,9,,2014-03-18T06:08:09,2014-03-18T18:12:08,0.55,Clear,Clear conditions throughout the day.,clear-day,"41947099999,41946099999,41958099999,41936099999,remote,41939099999"
"khulna,Bangladesh",3/19/2014,39.1,22,29.7,38.3,22,30.4,18.2,56.4,0,0,0,,,,,9.7,243.5,1010.2,17.7,5.3,247,21.1,8,,2014-03-19T06:07:11,2014-03-19T18:12:30,0.59,Clear,Clear conditions throughout the day.,clear-day,"41947099999,41946099999,41958099999,41936099999,remote,41939099999"
"khulna,Bangladesh",3/20/2014,38.8,22.7,29.5,38.2,22.7,29.3,16.8,53,0,0,0,,,,,10.1,263.9,1010,8.1,6.6,260.6,22.6,9,,2014-03-20T06:06:14,2014-03-20T18:12:52,0.63,Clear,Clear conditions throughout the day.,clear-day,"41947099999,41946099999,41958099999,41936099999,remote,41939099999"
"khulna,Bangladesh",3/21/2014,38,22.2,28.8,36,22.2,28.2,13.5,45,0,0,0,,,,,9.4,277,1008.9,4.1,5.8,275.8,23.8,9,,2014-03-21T06:05:16,2014-03-21T18:13:15,0.66,Clear,Clear conditions throughout the day.,clear-day,"41947099999,41946099999,41958099999,41936099999,remote,41939099999"
"khulna,Bangladesh",3/22/2014,38.1,21.1,28.7,35.8,21.1,28.5,14.1,47.5,0.3,100,8.33,rain,,,,20.2,208.2,1007.1,4.9,4.5,282.8,24.4,10,,2014-03-22T06:04:18,2014-03-22T18:13:37,0.7,Rain,Clear conditions throughout the day with late afternoon rain.,rain,"41947099999,41946099999,41958099999,41936099999,remote,41939099999"
"khulna,Bangladesh",3/23/2014,34.4,20,27.5,34.9,20,28,20.3,68.4,9.2,100,50,rain,,,,14,172.1,1009.5,29.6,6,231.2,19.9,8,,2014-03-23T06:03:20,2014-03-23T18:13:59,0.73,"Rain, Partially cloudy",Partly cloudy throughout the day with rain clearing later.,rain,"41947099999,41946099999,41958099999,41936099999,remote,41939099999"
"khulna,Bangladesh",3/24/2014,35.6,22.4,28.1,35.7,22.4,28.7,20.6,68.9,3.4,100,33.33,rain,,,,14.8,227.2,1011,18.3,5.6,265.7,22.9,9,,2014-03-24T06:02:22,2014-03-24T18:14:20,0.75,Rain,Clear conditions throughout the day with rain in the morning and afternoon.,rain,"41947099999,41946099999,41958099999,41936099999,remote,41939099999"
"khulna,Bangladesh",3/25/2014,36.7,21.8,28.2,37.7,21.8,29.3,20.4,68.3,0.7,100,20.83,rain,,,,11.2,238.4,1010.9,21.8,6,266,22.9,9,,2014-03-25T06:01:24,2014-03-25T18:14:42,0.8,"Rain, Partially cloudy",Partly cloudy throughout the day with morning rain.,rain,"41947099999,41946099999,41958099999,41936099999,remote,41939099999"
"khulna,Bangladesh",3/26/2014,37.1,23.1,29.2,38.3,23.1,30.4,20.8,65.3,0.1,100,4.17,rain,,,,11.9,217.3,1009.7,17.3,6.1,257.4,22.2,9,,2014-03-26T06:00:26,2014-03-26T18:15:04,0.84,Rain,Clear conditions throughout the day with morning rain.,rain,"41947099999,41946099999,41958099999,41936099999,remote,41939099999"
"khulna,Bangladesh",3/27/2014,38.7,23.8,30.6,40.6,23.8,32.5,21.1,62.6,0,0,0,,,,,13.3,240,1008.4,17,6.6,270.3,23.2,9,,2014-03-27T05:59:29,2014-03-27T18:15:26,0.87,Clear,Clear conditions throughout the day.,clear-day,"41947099999,41946099999,41958099999,41936099999,remote,41939099999"
"khulna,Bangladesh",3/28/2014,40.5,24.3,31.5,40.6,24.3,33,19.9,57.4,0,0,0,,,,,14.4,257.7,1007.8,1.8,6.4,279.7,24.1,9,,2014-03-28T05:58:31,2014-03-28T18:15:47,0.91,Clear,Clear conditions throughout the day.,clear-day,"41947099999,41946099999,41958099999,41936099999,remote,41939099999"
"khulna,Bangladesh",3/29/2014,41.4,24,31.7,39.4,24,32,17.5,52,0,0,0,,,,,20.5,261.1,1006.8,0,5.9,295.9,25.7,10,,2014-03-29T05:57:33,2014-03-29T18:16:09,0.95,Clear,Clear conditions throughout the day.,clear-day,"41947099999,41946099999,41958099999,41936099999,remote,41939099999"
"khulna,Bangladesh",3/30/2014,42.7,25,32.4,40.4,25,33,17.8,50.8,0,0,0,,,,,16.6,251,1005.7,21.6,6.7,295.2,25.6,10,,2014-03-30T05:56:35,2014-03-30T18:16:30,0.98,Partially cloudy,Partly cloudy throughout the day.,partly-cloudy-day,"41947099999,41946099999,41958099999,41936099999,remote,41939099999"
"khulna,Bangladesh",3/31/2014,41.8,24.8,32.1,40.7,24.8,33,19.3,55.5,0,0,0,,,,,11.5,251.2,1005.8,16.2,5.7,287.6,24.9,10,,2014-03-31T05:55:38,2014-03-31T18:16:52,0,Clear,Clear conditions throughout the day.,clear-day,"41947099999,41946099999,41958099999,41936099999,remote,41939099999"
"khulna,Bangladesh",4/1/2014,40.7,25.1,31.4,40.6,25.1,33,20.4,59.1,0,0,0,,,,,9.7,215.1,1005.5,17.6,5.8,251.7,21.9,9,,2014-04-01T05:54:41,2014-04-01T18:17:14,0.05,Clear,Clear conditions throughout the day.,clear-day,"41947099999,41946099999,41958099999,41936099999,remote,41939099999"
"khulna,Bangladesh",4/2/2014,41.2,24.8,31.7,39.6,24.8,32.3,18.2,53.4,0,0,0,,,,,12.2,241.2,1005.9,13.8,5.6,280.6,24.3,9,,2014-04-02T05:53:43,2014-04-02T18:17:35,0.08,Clear,Clear conditions throughout the day.,clear-day,"41947099999,41946099999,41958099999,41936099999,remote,41939099999"
"khulna,Bangladesh",4/3/2014,40.3,24.4,31.2,43.2,24.4,33.1,20.7,60.5,0.3,100,12.5,rain,,,,16.9,190,1007,19.3,5.9,271.1,23.5,9,,2014-04-03T05:52:46,2014-04-03T18:17:57,0.11,Rain,Clear conditions throughout the day with rain.,rain,"41947099999,41946099999,41958099999,41936099999,remote,41939099999"
"khulna,Bangladesh",4/4/2014,39.4,24.8,30.5,39.9,24.8,31.7,20.2,59.4,0.8,100,25,rain,,,,22,150.6,1007.9,25.6,6.8,259.3,22.4,9,,2014-04-04T05:51:50,2014-04-04T18:18:19,0.14,"Rain, Partially cloudy",Partly cloudy throughout the day with rain clearing later.,rain,"41947099999,41946099999,41958099999,41936099999,remote,41939099999"
"khulna,Bangladesh",4/5/2014,39.7,22.8,30.5,37.6,22.8,30.7,17.3,53.2,0,0,0,,,,,12.6,243.6,1008.3,26.4,7.1,279.2,24.1,10,,2014-04-05T05:50:53,2014-04-05T18:18:40,0.18,Partially cloudy,Clearing in the afternoon.,partly-cloudy-day,"41947099999,41946099999,41958099999,41936099999,remote,41939099999"
"khulna,Bangladesh",4/6/2014,39.6,23.7,31.3,39,23.7,32.1,18.7,54,0,0,0,,,,,10.8,208.2,1008.6,18.5,6.6,278.9,24.2,9,,2014-04-06T05:49:57,2014-04-06T18:19:02,0.21,Clear,Clear conditions throughout the day.,clear-day,"41947099999,41946099999,41958099999,41936099999,remote,41939099999"
"khulna,Bangladesh",4/7/2014,40.8,24.7,31.6,42.5,24.7,34.4,21.6,62.1,0,0,0,,,,,16.9,200.2,1007.9,13.2,6.7,289.5,25.1,10,,2014-04-07T05:49:01,2014-04-07T18:19:24,0.25,Clear,Clear conditions throughout the day.,clear-day,"41947099999,41946099999,41958099999,41936099999,remote,41939099999"
"khulna,Bangladesh",4/8/2014,40.4,25.6,31.4,44.5,25.6,35.1,23.3,67.5,0,0,0,,,,,22.3,185.9,1006.8,14.3,6.7,276.3,23.8,9,,2014-04-08T05:48:06,2014-04-08T18:19:46,0.27,Clear,Clear conditions throughout the day.,clear-day,"41947099999,41946099999,41958099999,41936099999,remote,41939099999"
"khulna,Bangladesh",4/9/2014,39.9,26.1,31.8,42.5,26.1,35.7,22.8,64,0,0,0,,,,,15.1,175.8,1007.5,34.1,6.8,238.8,20.6,8,,2014-04-09T05:47:11,2014-04-09T18:20:08,0.3,Partially cloudy,Partly cloudy throughout the day.,partly-cloudy-day,"41947099999,41946099999,41958099999,41936099999,remote,41939099999"
"khulna,Bangladesh",4/10/2014,40.6,24.1,31.7,38.7,24.1,32.6,17.6,52.2,0,0,0,,,,,10.1,234.1,1009.1,45.6,6.3,241.8,21,9,,2014-04-10T05:46:16,2014-04-10T18:20:31,0.34,Partially cloudy,Partly cloudy throughout the day.,partly-cloudy-day,"41947099999,41946099999,41958099999,41936099999,remote,41939099999"
"khulna,Bangladesh",4/11/2014,40.8,23.8,31.4,39.4,23.8,31.5,17,50.3,0,0,0,,,,,11.5,217.4,1008.7,30.4,6.7,287.6,24.8,9,,2014-04-11T05:45:22,2014-04-11T18:20:53,0.37,Partially cloudy,Partly cloudy throughout the day.,partly-cloudy-day,"41947099999,41946099999,41958099999,41936099999,remote,41939099999"
"khulna,Bangladesh",4/12/2014,40.3,24.2,31.6,39.6,24.2,32.4,18.6,52,0,0,0,,,,,18,216.3,1008,10,5.7,278.5,24.1,9,,2014-04-12T05:44:28,2014-04-12T18:21:16,0.4,Clear,Clear conditions throughout the day.,clear-day,"41947099999,41946099999,41958099999,41936099999,remote,41939099999"
"khulna,Bangladesh",4/13/2014,40,24.1,31.6,39.6,24.1,32.5,18.4,50.4,0,0,0,,,,,17.3,215.5,1009.3,22.9,6.8,268.1,23.2,9,,2014-04-13T05:43:35,2014-04-13T18:21:38,0.43,Partially cloudy,Partly cloudy throughout the day.,partly-cloudy-day,"41947099999,41946099999,41958099999,41936099999,remote,41939099999"
"khulna,Bangladesh",4/14/2014,41,24.6,32,39.8,24.6,32.6,18,50.2,0,0,0,,,,,14.8,212.8,1010.1,39.7,7.1,284.6,24.6,10,,2014-04-14T05:42:42,2014-04-14T18:22:01,0.47,Partially cloudy,Clearing in the afternoon.,partly-cloudy-day,"41947099999,41946099999,41958099999,41936099999,remote,41939099999"
"khulna,Bangladesh",4/15/2014,41.5,24.3,32.3,41.1,24.3,33,18.3,49.7,0,0,0,,,,,11.5,247.6,1009.6,19.4,7.2,280.5,24.2,9,,2014-04-15T05:41:49,2014-04-15T18:22:24,0.5,Clear,Clear conditions throughout the day.,clear-day,"41947099999,41946099999,41958099999,41936099999,remote,41939099999"
"khulna,Bangladesh",4/16/2014,41.9,25.1,32.6,41.1,25.1,33.4,18.5,50.6,0,0,0,,,,,19.8,214.9,1007.5,15.6,6.9,284.1,24.6,10,,2014-04-16T05:40:58,2014-04-16T18:22:47,0.53,Clear,Clear conditions throughout the day.,clear-day,"41947099999,41946099999,41958099999,41936099999,remote,41939099999"
"khulna,Bangladesh",4/17/2014,42.7,26.6,33.5,43.2,26.6,35.8,19.8,50.5,0,0,0,,,,,18,213,1006.5,24.4,6.5,276.3,23.9,9,,2014-04-17T05:40:06,2014-04-17T18:23:11,0.57,Partially cloudy,Partly cloudy throughout the day.,partly-cloudy-day,"41947099999,41946099999,41958099999,41936099999,remote,41939099999"
"khulna,Bangladesh",4/18/2014,42.8,26.2,33.3,44.6,26.2,36.3,20.8,54.9,0,0,0,,,,,9.4,218.1,1008.4,19.1,6.9,283.2,24.4,9,,2014-04-18T05:39:15,2014-04-18T18:23:34,0.61,Clear,Clear conditions throughout the day.,clear-day,"41947099999,41946099999,41958099999,41936099999,remote,41939099999"
"khulna,Bangladesh",4/19/2014,42.8,25.6,34,43,25.6,35.7,19.1,48,0,0,0,,,,,9.4,246.8,1007.9,59.7,6.9,261.5,22.5,9,,2014-04-19T05:38:25,2014-04-19T18:23:58,0.64,Partially cloudy,Partly cloudy throughout the day.,partly-cloudy-day,"41947099999,41946099999,41958099999,41936099999,remote,41939099999"
"khulna,Bangladesh",4/20/2014,41,25,33.7,41.8,25,35.5,19.2,47.3,0,0,0,,,,,9.7,267.6,1007.2,67.2,7.4,204.7,17.5,7,,2014-04-20T05:37:36,2014-04-20T18:24:22,0.68,Partially cloudy,Partly cloudy throughout the day.,partly-cloudy-day,"41947099999,41946099999,41958099999,41936099999,remote,41939099999"
"khulna,Bangladesh",4/21/2014,41.9,25.1,33.8,41.4,25.1,34.5,16.9,41.6,0,0,0,,,,,10.1,314.7,1007.9,53.6,7.6,235.9,20.2,8,,2014-04-21T05:36:47,2014-04-21T18:24:46,0.71,Partially cloudy,Partly cloudy throughout the day.,partly-cloudy-day,"41947099999,41946099999,41958099999,41936099999,remote,41939099999"
"khulna,Bangladesh",4/22/2014,43.2,24.7,34.1,41.6,24.7,34,15.3,37.5,0,0,0,,,,,10.4,289.9,1009.5,36.2,7.9,282.1,24.2,10,,2014-04-22T05:35:59,2014-04-22T18:25:10,0.75,Partially cloudy,Becoming cloudy in the afternoon.,partly-cloudy-day,"41947099999,41946099999,41958099999,41936099999,remote,41939099999"
"khulna,Bangladesh",4/23/2014,42.5,25.2,33.9,43,25.2,34.9,18.2,45.4,0,0,0,,,,,14.4,240.8,1008.2,25.3,7.7,270.4,23.4,9,,2014-04-23T05:35:11,2014-04-23T18:25:34,0.78,Partially cloudy,Partly cloudy throughout the day.,partly-cloudy-day,"41947099999,41946099999,41958099999,41936099999,remote,41939099999"
"khulna,Bangladesh",4/24/2014,42.1,24.3,33.9,44.6,24.3,36.1,19.8,49.8,0,0,0,,,,,15.8,215.5,1005.6,22.7,7.5,257.6,22.3,9,,2014-04-24T05:34:25,2014-04-24T18:25:59,0.82,Partially cloudy,Partly cloudy throughout the day.,partly-cloudy-day,"41947099999,41946099999,41958099999,41936099999,remote,41939099999"
"khulna,Bangladesh",4/25/2014,42.8,27.6,34.3,44.6,31.7,38.4,21.6,53.9,0,0,0,,,,,15.8,196.8,1005.3,12.7,6.9,294.6,25.5,10,,2014-04-25T05:33:39,2014-04-25T18:26:24,0.86,Clear,Clear conditions throughout the day.,clear-day,"41947099999,41946099999,41958099999,41936099999,remote,41939099999"
"khulna,Bangladesh",4/26/2014,42.1,27.4,33.6,47.6,31.9,39.1,23.2,60.2,0,0,0,,,,,22,191.6,1005.8,24.5,6.5,289.9,25,10,,2014-04-26T05:32:53,2014-04-26T18:26:49,0.89,Partially cloudy,Clearing in the afternoon.,partly-cloudy-day,"41947099999,41946099999,41958099999,41936099999,remote,41939099999"
"khulna,Bangladesh",4/27/2014,43.1,27.1,33.7,46,31.2,38.6,22.6,58.8,0,0,0,,,,,23,200.6,1006,18.9,7,294.1,25.2,10,,2014-04-27T05:32:09,2014-04-27T18:27:14,0.93,Clear,Clear conditions throughout the day.,clear-day,"41947099999,41946099999,41958099999,41936099999,remote,41939099999"
"khulna,Bangladesh",4/28/2014,40.4,27.7,32.4,43.8,31.9,37,22.9,61.6,0,0,0,,,,,20.5,189.3,1007.2,38.4,7,248.2,21.4,8,,2014-04-28T05:31:25,2014-04-28T18:27:39,0.96,Partially cloudy,Partly cloudy throughout the day.,partly-cloudy-day,"41947099999,41946099999,41958099999,41936099999,remote,41939099999"
"khulna,Bangladesh",4/29/2014,40.6,27.2,32.7,46.7,31.2,38,23.6,62.8,0.2,100,8.33,rain,,,,22,188.9,1005.7,33.3,7.2,263.4,22.6,9,,2014-04-29T05:30:42,2014-04-29T18:28:05,0,"Rain, Partially cloudy",Partly cloudy throughout the day with afternoon rain.,rain,"41947099999,41946099999,41958099999,41936099999,remote,41939099999"
"khulna,Bangladesh",4/30/2014,41.1,25.3,32.5,44.8,25.3,36.9,22.9,61.4,0.4,100,12.5,rain,,,,21.2,189.9,1006.1,46.3,7,291.7,25.3,10,,2014-04-30T05:30:00,2014-04-30T18:28:31,0.03,"Rain, Partially cloudy",Becoming cloudy in the afternoon with morning rain.,rain,"41947099999,41946099999,41958099999,41936099999,remote,41939099999"
"khulna,Bangladesh",5/1/2014,39.8,27,32,42.4,31.1,36.9,23.5,64.7,2,100,50,rain,,,,20.5,186.2,1005.5,62.7,7,228.8,19.9,9,,2014-05-01T05:29:19,2014-05-01T18:28:57,0.06,"Rain, Partially cloudy",Partly cloudy throughout the day with rain.,rain,"41947099999,41946099999,41958099999,41936099999,remote,41939099999"
"khulna,Bangladesh",5/2/2014,35.5,23.3,30,41.9,23.3,34.6,23.7,71.1,5.7,100,100,rain,,,,17.3,175.2,1006.6,75.7,6.9,173.5,14.8,6,,2014-05-02T05:28:39,2014-05-02T18:29:23,0.1,"Rain, Partially cloudy",Partly cloudy throughout the day with a chance of rain throughout the day.,rain,"41947099999,41946099999,41958099999,41936099999,remote,41939099999"
"khulna,Bangladesh",5/3/2014,34.1,24,28.4,42,24,30.1,22.6,73.7,12.6,100,95.83,rain,,,41.6,20.5,198.1,1007.4,62.3,6.8,180.3,15.4,5,,2014-05-03T05:27:59,2014-05-03T18:29:49,0.13,"Rain, Partially cloudy",Partly cloudy throughout the day with a chance of rain throughout the day.,rain,"41947099999,41946099999,41958099999,41936099999,remote,41939099999"
"khulna,Bangladesh",5/4/2014,35.5,21.1,29.2,41.9,21.1,32.2,23.3,73.4,11.8,100,95.83,rain,,,,22.3,189.5,1006.5,34.7,6.7,275.6,23.7,9,,2014-05-04T05:27:21,2014-05-04T18:30:16,0.16,"Rain, Partially cloudy",Partly cloudy throughout the day with a chance of rain throughout the day.,rain,"41947099999,41946099999,41958099999,41936099999,remote,41939099999"
"khulna,Bangladesh",5/5/2014,35.2,25,29.4,39.3,25,32,22.9,70.6,4.2,100,75,rain,,,,11.9,195.5,1008.2,56.7,6.4,199.2,17.3,6,,2014-05-05T05:26:43,2014-05-05T18:30:42,0.19,"Rain, Partially cloudy",Partly cloudy throughout the day with a chance of rain throughout the day.,rain,"41947099999,41946099999,41958099999,41936099999,remote,41939099999"
"khulna,Bangladesh",5/6/2014,38.2,24.9,30.8,41.3,24.9,33.4,22.4,64.9,2.7,100,45.83,rain,,,,16.6,210.7,1008.7,18,7.3,286,24.6,9,,2014-05-06T05:26:06,2014-05-06T18:31:09,0.22,Rain,Clear conditions throughout the day with rain in the morning and afternoon.,rain,"41947099999,41946099999,41958099999,41936099999,remote,41939099999"
"khulna,Bangladesh",5/7/2014,38.7,26,31.5,42.9,26,35.2,23,64.2,1,100,41.67,rain,,,,24.1,209,1006.4,27.3,7.6,299,25.7,9,,2014-05-07T05:25:31,2014-05-07T18:31:36,0.25,"Rain, Partially cloudy",Partly cloudy throughout the day with rain clearing later.,rain,"41947099999,41946099999,41958099999,41936099999,remote,41939099999"
"khulna,Bangladesh",5/8/2014,37,26.9,31.4,47,29.9,37.2,24.5,69,0,0,0,,,,,25.2,207.6,1004.5,66.7,6.8,270.1,23.3,9,,2014-05-08T05:24:56,2014-05-08T18:32:03,0.29,Partially cloudy,Partly cloudy throughout the day.,partly-cloudy-day,"41947099999,41946099999,41958099999,41936099999,remote,41939099999"
"khulna,Bangladesh",5/9/2014,37.9,28.7,32.2,45.8,33.8,38.5,24.5,66.5,0,0,0,,,,,27,209.2,1001.6,51.5,7.8,210,18,7,,2014-05-09T05:24:22,2014-05-09T18:32:31,0.32,Partially cloudy,Partly cloudy throughout the day.,partly-cloudy-day,"41947099999,41946099999,41958099999,41936099999,remote,41939099999"
"khulna,Bangladesh",5/10/2014,38.9,28.3,32.2,43,33.5,37.5,23.7,64.5,2.4,100,58.33,rain,,,,23,211.7,1002.6,57.3,7.7,248.1,21.4,8,,2014-05-10T05:23:50,2014-05-10T18:32:58,0.35,"Rain, Partially cloudy",Partly cloudy throughout the day with rain.,rain,"41947099999,41946099999,41958099999,41936099999,remote,41939099999"
"khulna,Bangladesh",5/11/2014,35.8,27.2,30.6,42.1,31.3,35.9,24.4,71.7,1.1,100,41.67,rain,,,,21.6,195,1004.3,72.6,7.9,244,21.1,8,,2014-05-11T05:23:18,2014-05-11T18:33:26,0.39,"Rain, Partially cloudy",Partly cloudy throughout the day with a chance of rain throughout the day.,rain,"41947099999,41946099999,41958099999,41936099999,remote,41939099999"
"khulna,Bangladesh",5/12/2014,38.2,27.2,31.6,47.5,31.5,38.2,25.3,72.3,0,0,0,,,,,17.6,182.9,1004.3,64,7.1,206.4,17.8,7,,2014-05-12T05:22:47,2014-05-12T18:33:53,0.42,Partially cloudy,Partly cloudy throughout the day.,partly-cloudy-day,"41947099999,41946099999,41958099999,41936099999,remote,41939099999"
"khulna,Bangladesh",5/13/2014,40.2,27.2,32.8,48.7,32,39.5,24.9,67.7,0.3,100,12.5,rain,,,,19.8,192.3,1004.9,52.2,7.5,248.7,21.5,8,,2014-05-13T05:22:18,2014-05-13T18:34:21,0.45,"Rain, Partially cloudy",Partly cloudy throughout the day with afternoon rain.,rain,"41947099999,41946099999,41958099999,41936099999,remote,41939099999"
"khulna,Bangladesh",5/14/2014,38,28,32.3,47,33.1,39.2,24.9,68.2,0.3,100,12.5,rain,,,,17.3,192,1003.5,38.6,7.8,185.8,16,6,,2014-05-14T05:21:49,2014-05-14T18:34:49,0.48,"Rain, Partially cloudy",Partly cloudy throughout the day with afternoon rain.,rain,"41947099999,41946099999,41958099999,41936099999,remote,41939099999"
"khulna,Bangladesh",5/15/2014,40.8,27.3,32.9,46.4,31.4,38.4,23.8,63,2.9,100,33.33,rain,,,,15.5,200.1,1002.2,55.5,7.6,250.5,21.6,9,,2014-05-15T05:21:22,2014-05-15T18:35:16,0.5,"Rain, Partially cloudy",Partly cloudy throughout the day with rain.,rain,"41947099999,41946099999,41958099999,41936099999,remote,41939099999"
"khulna,Bangladesh",5/16/2014,41.7,26.5,33.5,48.4,26.5,37.3,21.9,58.6,1.2,100,37.5,rain,,,,18.4,191.1,1003.3,49,7.8,316.1,27.2,10,,2014-05-16T05:20:56,2014-05-16T18:35:44,0.55,"Rain, Partially cloudy",Partly cloudy throughout the day with rain clearing later.,rain,"41947099999,41946099999,41958099999,41936099999,remote,41939099999"
"khulna,Bangladesh",5/17/2014,41,27.5,33.4,46.5,32.1,38.6,23,60,0,0,0,,,,,17.3,198.5,1005.5,52.7,7,269,23.2,8,,2014-05-17T05:20:30,2014-05-17T18:36:12,0.59,Partially cloudy,Partly cloudy throughout the day.,partly-cloudy-day,"41947099999,41946099999,41958099999,41936099999,remote,41939099999"
"khulna,Bangladesh",5/18/2014,41.3,27.5,33.5,50.3,31.8,39.3,23.6,60.8,0,0,0,,,,,17.3,195.4,1005.1,54.7,7.2,267.1,23,8,,2014-05-18T05:20:06,2014-05-18T18:36:40,0.62,Partially cloudy,Partly cloudy throughout the day.,partly-cloudy-day,"41947099999,41946099999,41958099999,41936099999,remote,41939099999"
"khulna,Bangladesh",5/19/2014,41.8,28.2,33.6,49.6,33.6,39.9,24,61.8,0,0,0,,,,,21.2,192.5,1005.1,59,7.1,253.1,21.8,9,,2014-05-19T05:19:43,2014-05-19T18:37:08,0.66,Partially cloudy,Partly cloudy throughout the day.,partly-cloudy-day,"41947099999,41946099999,41958099999,41936099999,remote,41939099999"
"khulna,Bangladesh",5/20/2014,41.6,28,33.3,46.5,33.9,39.8,24.2,63.8,0,0,0,,,,,23.4,186.8,1003.9,66.7,7.2,272.8,23.5,9,,2014-05-20T05:19:21,2014-05-20T18:37:36,0.69,Partially cloudy,Partly cloudy throughout the day.,partly-cloudy-day,"41947099999,41946099999,41958099999,41936099999,remote,41939099999"
"khulna,Bangladesh",5/21/2014,40.6,27.8,33.1,47,32.9,38.9,23.9,62.6,0,0,0,,,,,20.5,187.5,1002.3,57.4,7.3,274.9,23.8,9,,2014-05-21T05:19:00,2014-05-21T18:38:03,0.75,Partially cloudy,Partly cloudy throughout the day.,partly-cloudy-day,"41947099999,41946099999,41958099999,41936099999,remote,41939099999"
"khulna,Bangladesh",5/22/2014,38.8,28.1,32.7,45.7,33.4,37.9,23.3,61.1,0,0,0,,,,,17.6,179.9,1001.4,64.4,7.1,190.9,16.4,6,,2014-05-22T05:18:41,2014-05-22T18:38:31,0.77,Partially cloudy,Partly cloudy throughout the day.,partly-cloudy-day,"41947099999,41946099999,41958099999,41936099999,remote,41939099999"
"khulna,Bangladesh",5/23/2014,40.4,27.6,33.2,45,31.9,38.8,23.6,60.4,0,0,0,,,,,18.4,168.4,1002.8,58.6,7.4,284,24.7,9,,2014-05-23T05:18:22,2014-05-23T18:38:59,0.8,Partially cloudy,Partly cloudy throughout the day.,partly-cloudy-day,"41947099999,41946099999,41958099999,41936099999,remote,41939099999"
"khulna,Bangladesh",5/24/2014,35.9,27.2,30.6,42.9,31,36.4,24.8,73.5,1.4,100,54.17,rain,,,,15.5,121.9,1005.8,76.2,6.9,152.8,13.3,5,,2014-05-24T05:18:05,2014-05-24T18:39:26,0.84,"Rain, Partially cloudy",Partly cloudy throughout the day with a chance of rain throughout the day.,rain,"41947099999,41946099999,41958099999,41936099999,remote,41939099999"
"khulna,Bangladesh",5/25/2014,33.1,26.2,28.9,40.7,26.2,33.5,25.2,81.9,13.5,100,100,rain,,,,11.2,122.7,1007.9,80,7.1,121.6,10.5,4,,2014-05-25T05:17:49,2014-05-25T18:39:53,0.87,"Rain, Partially cloudy",Partly cloudy throughout the day with a chance of rain throughout the day.,rain,"41947099999,41946099999,41958099999,41936099999,remote,41939099999"
"khulna,Bangladesh",5/26/2014,34.4,25.2,29.6,41.2,25.2,34.9,25.4,80.1,20.9,100,100,rain,,,,14,140.2,1008,60.7,6.4,201.3,17.6,7,,2014-05-26T05:17:34,2014-05-26T18:40:20,0.91,"Rain, Partially cloudy",Partly cloudy throughout the day with a chance of rain throughout the day.,rain,"41947099999,41946099999,41958099999,41936099999,remote,41939099999"
"khulna,Bangladesh",5/27/2014,33.1,26.2,29.2,41.4,26.2,34.3,25.5,82,17,100,100,rain,,,,22.7,159.7,1006.5,69.8,7,177.6,15.3,5,,2014-05-27T05:17:20,2014-05-27T18:40:47,0.95,"Rain, Partially cloudy",Partly cloudy throughout the day with a chance of rain throughout the day.,rain,"41947099999,41946099999,41958099999,41936099999,remote,41939099999"
"khulna,Bangladesh",5/28/2014,33.4,26.1,29.3,41.7,26.1,35.3,26.1,83.7,23.6,100,100,rain,,,,33.6,185.4,1004.8,57.3,5.9,232.9,20.1,7,,2014-05-28T05:17:07,2014-05-28T18:41:14,0.98,"Rain, Partially cloudy",Partly cloudy throughout the day with a chance of rain throughout the day.,rain,"41947099999,41946099999,41958099999,41936099999,remote,41939099999"
"khulna,Bangladesh",5/29/2014,34.9,26,29.8,46.3,26,36,25.8,80.4,4,100,50,rain,,,,14,206,1005.3,51.9,7.4,165.5,14.3,5,,2014-05-29T05:16:55,2014-05-29T18:41:41,0,"Rain, Partially cloudy",Partly cloudy throughout the day with rain clearing later.,rain,"41947099999,41946099999,41958099999,41936099999,remote,41939099999"
"khulna,Bangladesh",5/30/2014,34.8,27.3,30.4,42.3,32.4,37.1,25.9,78.5,3,100,62.5,rain,,,,16.2,195.9,,65.6,,183.1,15.6,6,,2014-05-30T05:16:45,2014-05-30T18:42:07,0.05,"Rain, Partially cloudy",Partly cloudy throughout the day with rain.,rain,remote
"khulna,Bangladesh",5/31/2014,32.8,24.1,29.1,40.3,24.1,34.9,25.7,83,13.7,100,100,rain,,,,19.1,184.5,1001.5,73,5.5,174.1,15.1,6,,2014-05-31T05:16:36,2014-05-31T18:42:33,0.08,"Rain, Partially cloudy",Partly cloudy throughout the day with a chance of rain throughout the day.,rain,"41947099999,41946099999,41958099999,41936099999,remote,41939099999"
"khulna,Bangladesh",6/1/2014,34.2,22.7,28.6,41.7,22.7,33.7,25.3,83.5,9.5,100,95.83,rain,,,,14,192,1004.2,59.9,5.7,222.7,19.2,8,,2014-06-01T05:16:27,2014-06-01T18:42:58,0.11,"Rain, Partially cloudy",Partly cloudy throughout the day with a chance of rain throughout the day.,rain,"41947099999,41946099999,41958099999,41936099999,remote,41939099999"
"khulna,Bangladesh",6/2/2014,33.4,26.5,29.6,42.5,26.5,35.6,25.9,82.1,5.5,100,100,rain,,,,15.1,194,1004.4,66.1,6.1,194.8,16.6,6,,2014-06-02T05:16:20,2014-06-02T18:43:24,0.15,"Rain, Partially cloudy",Partly cloudy throughout the day with a chance of rain throughout the day.,rain,"41947099999,41946099999,41958099999,41936099999,remote,41939099999"
"khulna,Bangladesh",6/3/2014,34.8,26,29.5,43.2,26,35.7,26.1,83.4,3.1,100,66.67,rain,,,,16.2,206,1003.2,52.9,6.1,229.9,19.7,8,,2014-06-03T05:16:14,2014-06-03T18:43:48,0.18,"Rain, Partially cloudy",Partly cloudy throughout the day with a chance of rain throughout the day.,rain,"41947099999,41946099999,41958099999,41936099999,remote,41939099999"
"khulna,Bangladesh",6/4/2014,34.5,27.2,30.3,46,32.2,37.9,26.5,81.5,0.6,100,25,rain,,,,13.7,208.7,1002.7,76.5,6.9,167.6,14.4,6,,2014-06-04T05:16:10,2014-06-04T18:44:13,0.21,"Rain, Partially cloudy",Partly cloudy throughout the day with rain in the morning and afternoon.,rain,"41947099999,41946099999,41958099999,41936099999,remote,41939099999"
"khulna,Bangladesh",6/5/2014,36.1,27.9,30.8,46.5,34.3,39,26.7,80,0.4,100,16.67,rain,,,,15.8,204.4,1002.7,70.6,6.4,138.9,12,4,,2014-06-05T05:16:06,2014-06-05T18:44:37,0.24,"Rain, Partially cloudy",Partly cloudy throughout the day with morning rain.,rain,"41947099999,41946099999,41958099999,41936099999,remote,41939099999"
"khulna,Bangladesh",6/6/2014,35.8,28,31.2,47,34.7,39.7,26.7,78.5,0,0,0,,,,,17.6,192.4,1002.6,60.8,7.5,176.8,15.4,6,,2014-06-06T05:16:03,2014-06-06T18:45:01,0.25,Partially cloudy,Partly cloudy throughout the day.,partly-cloudy-day,"41947099999,41946099999,41958099999,41936099999,remote,41939099999"
"khulna,Bangladesh",6/7/2014,36,27.9,31.4,47.4,34.1,39.4,26.2,75.8,0,0,0,,,,,18.7,180.1,999.5,58.2,8.3,257.2,22.3,8,,2014-06-07T05:16:02,2014-06-07T18:45:24,0.31,Partially cloudy,Partly cloudy throughout the day.,partly-cloudy-day,"41947099999,41946099999,41958099999,41936099999,remote,41939099999"
"khulna,Bangladesh",6/8/2014,34.7,28.3,30.8,42.8,35.1,38.5,26.2,77.9,0,0,0,,,,,20.5,188.9,,83.5,,164.1,14.1,5,,2014-06-08T05:16:01,2014-06-08T18:45:46,0.34,Partially cloudy,Partly cloudy throughout the day.,partly-cloudy-day,remote
"khulna,Bangladesh",6/9/2014,34.5,28.3,30.8,43.8,34.9,38.9,26.4,78.5,0,0,0,,,,,19.8,186.3,,81.6,,149.4,13.1,5,,2014-06-09T05:16:02,2014-06-09T18:46:08,0.37,Partially cloudy,Partly cloudy throughout the day.,partly-cloudy-day,remote
"khulna,Bangladesh",6/10/2014,34.4,28,30.7,43,35.1,39,26.7,80.7,5.2,100,50,rain,,,,22,191.2,999.9,72.5,5.9,160.7,14,5,,2014-06-10T05:16:04,2014-06-10T18:46:30,0.41,"Rain, Partially cloudy",Partly cloudy throughout the day with rain.,rain,"41947099999,41946099999,41958099999,41936099999,remote,41939099999"
"khulna,Bangladesh",6/11/2014,35.7,28,31.4,49.3,34.5,40.4,26.9,78.4,8.8,100,54.17,rain,,,,19.4,187,998.3,74.3,6.5,223.9,19.3,8,,2014-06-11T05:16:06,2014-06-11T18:46:51,0.44,"Rain, Partially cloudy",Partly cloudy throughout the day with a chance of rain throughout the day.,rain,"41947099999,41946099999,41958099999,41936099999,remote,41939099999"
"khulna,Bangladesh",6/12/2014,38.5,28.1,32.7,52.9,35.2,42.9,27.2,75.4,3.6,100,95.83,rain,,,,15.1,166.5,997,51.6,6.7,245.4,21.5,8,,2014-06-12T05:16:10,2014-06-12T18:47:11,0.47,"Rain, Partially cloudy",Partly cloudy throughout the day with a chance of rain throughout the day.,rain,"41947099999,41946099999,41958099999,41936099999,remote,41939099999"
"khulna,Bangladesh",6/13/2014,37.6,27.4,32.5,53.7,30.6,43.3,27.4,76.7,4.7,100,100,rain,,,,9,167.8,995.7,61.8,6.7,165.7,14.3,6,,2014-06-13T05:16:15,2014-06-13T18:47:30,0.5,"Rain, Partially cloudy",Partly cloudy throughout the day with a chance of rain throughout the day.,rain,"41947099999,41946099999,41958099999,41936099999,remote,41939099999"
"khulna,Bangladesh",6/14/2014,37.5,25.7,30.8,48.3,25.7,38,26.1,77.5,4.5,100,91.67,rain,,,,12.6,198.9,997.7,75.3,6.6,117,10,4,,2014-06-14T05:16:21,2014-06-14T18:47:49,0.54,"Rain, Partially cloudy",Partly cloudy throughout the day with a chance of rain throughout the day.,rain,"41947099999,41946099999,41958099999,41936099999,remote,41939099999"
"khulna,Bangladesh",6/15/2014,35.4,28,31,48,33.4,38.7,26.1,77.3,4.2,100,91.67,rain,,,,11.5,192.2,998.3,70.1,6.5,159.4,13.8,5,,2014-06-15T05:16:28,2014-06-15T18:48:07,0.57,"Rain, Partially cloudy",Partly cloudy throughout the day with a chance of rain throughout the day.,rain,"41947099999,41946099999,41958099999,41936099999,remote,41939099999"
"khulna,Bangladesh",6/16/2014,36.3,27.6,31.3,44.2,33.5,39.5,26.4,77.1,7.4,100,100,rain,,,,11.5,199.5,999.4,61.3,7,188.9,16.2,6,,2014-06-16T05:16:35,2014-06-16T18:48:25,0.61,"Rain, Partially cloudy",Partly cloudy throughout the day with a chance of rain throughout the day.,rain,"41947099999,41946099999,41958099999,41936099999,remote,41939099999"
"khulna,Bangladesh",6/17/2014,35.1,27.9,30.6,47.2,34.4,39.4,27,82.5,8.9,100,100,rain,,,,11.5,162.3,997.5,76.9,6.5,142.9,12.4,4,,2014-06-17T05:16:44,2014-06-17T18:48:42,0.64,"Rain, Partially cloudy",Partly cloudy throughout the day with a chance of rain throughout the day.,rain,"41947099999,41946099999,41958099999,41936099999,remote,41939099999"
"khulna,Bangladesh",6/18/2014,33.9,27.4,29.3,47,33.2,37.2,27.1,88.4,14.1,100,100,rain,,,,13,176.5,997.2,82.1,6.4,119.8,10.1,4,,2014-06-18T05:16:54,2014-06-18T18:48:58,0.68,"Rain, Partially cloudy",Partly cloudy throughout the day with a chance of rain throughout the day.,rain,"41947099999,41946099999,41958099999,41936099999,remote,41939099999"
"khulna,Bangladesh",6/19/2014,31.9,26.8,28.7,39.9,30.7,35,26.5,88.7,8.8,100,100,rain,,,,12.6,200.2,996.3,86.5,6.1,139.1,11.8,4,,2014-06-19T05:17:04,2014-06-19T18:49:13,0.71,"Rain, Partially cloudy",Partly cloudy throughout the day with a chance of rain throughout the day.,rain,"41947099999,41946099999,41958099999,41936099999,remote,41939099999"
"khulna,Bangladesh",6/20/2014,31.3,26.8,28.7,42.3,30.7,35.7,26.9,90.5,21.9,100,100,rain,,,,20.9,220.5,995.6,91.1,4.9,104.1,9,4,,2014-06-20T05:17:15,2014-06-20T18:49:27,0.75,"Rain, Overcast",Cloudy skies throughout the day with a chance of rain throughout the day.,rain,"41947099999,41946099999,41958099999,41936099999,remote,41939099999"
"khulna,Bangladesh",6/21/2014,30.3,26.6,28.1,40.1,26.6,34.2,26.8,93.1,62,100,100,rain,,,,21.2,219.8,997.4,94.1,5,100.7,8.7,4,,2014-06-21T05:17:28,2014-06-21T18:49:40,0.79,"Rain, Overcast",Cloudy skies throughout the day with a chance of rain throughout the day.,rain,"41947099999,41946099999,41958099999,41936099999,remote,41939099999"
"khulna,Bangladesh",6/22/2014,31.1,26.9,28.6,41.2,30.8,35.7,27.1,91.7,29,100,100,rain,,,,22,212.9,999.2,90.6,5.3,97.1,8.4,3,,2014-06-22T05:17:41,2014-06-22T18:49:53,0.82,"Rain, Overcast",Cloudy skies throughout the day with a chance of rain throughout the day.,rain,"41947099999,41946099999,41958099999,41936099999,remote,41939099999"
"khulna,Bangladesh",6/23/2014,31.3,27.4,28.8,42.7,32.2,36.4,27.2,91.3,18.9,100,100,rain,,,,16.9,195.2,998.7,91.2,6.1,103.6,9,3,,2014-06-23T05:17:55,2014-06-23T18:50:04,0.86,"Rain, Overcast",Cloudy skies throughout the day with a chance of rain throughout the day.,rain,"41947099999,41946099999,41958099999,41936099999,remote,41939099999"
"khulna,Bangladesh",6/24/2014,32.6,24.9,28.7,43.8,24.9,35.4,26.7,89.2,5.5,100,50,rain,,,,13.3,188.8,997.6,79.8,5.7,142.1,12.2,4,,2014-06-24T05:18:09,2014-06-24T18:50:15,0.89,"Rain, Partially cloudy",Partly cloudy throughout the day with rain clearing later.,rain,"41947099999,41946099999,41958099999,41936099999,remote,41939099999"
"khulna,Bangladesh",6/25/2014,33.6,26.4,29.2,48.4,26.4,35.8,26.4,85.8,8.3,100,62.5,rain,,,,14.8,194.8,998.3,43.6,6.2,249.1,21.4,8,,2014-06-25T05:18:25,2014-06-25T18:50:25,0.93,"Rain, Partially cloudy",Partly cloudy throughout the day with rain.,rain,"41947099999,41946099999,41958099999,41936099999,remote,41939099999"
"khulna,Bangladesh",6/26/2014,32.1,26.5,28.8,41.6,26.5,34.8,26.6,88.4,5.7,100,100,rain,,,,11.9,182.1,1001.3,77.2,6.6,173.8,15,5,,2014-06-26T05:18:41,2014-06-26T18:50:34,0.96,"Rain, Partially cloudy",Partly cloudy throughout the day with a chance of rain throughout the day.,rain,"41947099999,41946099999,41958099999,41936099999,remote,41939099999"
"khulna,Bangladesh",6/27/2014,33.1,26.6,29.1,42,26.6,35.2,26.3,86.2,6.3,100,66.67,rain,,,,16.2,169.6,1003.7,69.7,6.5,287.8,24.6,9,,2014-06-27T05:18:58,2014-06-27T18:50:41,0,"Rain, Partially cloudy",Partly cloudy throughout the day with a chance of rain throughout the day.,rain,"41947099999,41946099999,41958099999,41936099999,remote,41939099999"
"khulna,Bangladesh",6/28/2014,33.6,26.6,29.7,44.7,26.6,36.5,26.5,83.9,3.1,100,62.5,rain,,,,18.7,180,1002.7,73.7,6.5,289.8,25.3,9,,2014-06-28T05:19:15,2014-06-28T18:50:48,0.03,"Rain, Partially cloudy",Partly cloudy throughout the day with rain.,rain,"41947099999,41946099999,41958099999,41936099999,remote,41939099999"
"khulna,Bangladesh",6/29/2014,32.5,27.1,29.4,44.4,31.4,38.1,27.6,90.5,15.7,100,100,rain,,,,13,195.7,1000.4,91.8,6.1,156.6,13.3,5,,2014-06-29T05:19:33,2014-06-29T18:50:54,0.06,"Rain, Overcast",Cloudy skies throughout the day with a chance of rain throughout the day.,rain,"41947099999,41946099999,41958099999,41936099999,remote,41939099999"
"khulna,Bangladesh",6/30/2014,31.9,26.5,28.8,40.9,26.5,35.7,27.1,91.3,32,100,100,rain,,,,11.5,209,999.5,86.7,6.8,102.1,8.6,3,,2014-06-30T05:19:52,2014-06-30T18:50:59,0.1,"Rain, Partially cloudy",Partly cloudy throughout the day with a chance of rain throughout the day.,rain,"41947099999,41946099999,41958099999,41936099999,remote,41939099999"
"khulna,Bangladesh",7/1/2014,33.2,26.5,29.1,42.9,26.5,35.5,26.6,87.6,21.2,100,100,rain,,,,13.7,166.6,999.5,81.3,6.4,247.6,21.3,9,,2014-07-01T05:20:11,2014-07-01T18:51:02,0.13,"Rain, Partially cloudy",Partly cloudy throughout the day with a chance of rain throughout the day.,rain,"41947099999,41946099999,41958099999,41936099999,remote,41939099999"
"khulna,Bangladesh",7/2/2014,32.7,26.5,28.9,41.9,26.5,35,26.6,88.1,10.4,100,100,rain,,,,15.5,177.6,999.1,80.5,5.2,215.3,18.7,8,,2014-07-02T05:20:31,2014-07-02T18:51:05,0.16,"Rain, Partially cloudy",Partly cloudy throughout the day with a chance of rain throughout the day.,rain,"41947099999,41946099999,41958099999,41936099999,remote,41939099999"
"khulna,Bangladesh",7/3/2014,30.1,26.9,28.3,38.7,30.9,34.9,27,92.9,20,100,100,rain,,,,19.4,167.5,997,94.6,6,127.1,10.9,4,,2014-07-03T05:20:52,2014-07-03T18:51:06,0.2,"Rain, Overcast",Cloudy skies throughout the day with a chance of rain throughout the day.,rain,"41947099999,41946099999,41958099999,41936099999,remote,41939099999"
"khulna,Bangladesh",7/4/2014,30.5,26.7,28.1,39,30.4,34.1,26.6,91.4,26.3,100,100,rain,,,,19.8,212.5,996.9,93.5,5.8,172.3,14.9,6,,2014-07-04T05:21:13,2014-07-04T18:51:07,0.23,"Rain, Overcast",Cloudy skies throughout the day with a chance of rain throughout the day.,rain,"41947099999,41946099999,41958099999,41936099999,remote,41939099999"
"khulna,Bangladesh",7/5/2014,31.6,25.8,28,42.7,25.8,33.3,26.8,93.4,29.8,100,100,rain,,,,20.5,185.5,1001.2,91.7,5.8,198.8,17.1,6,,2014-07-05T05:21:34,2014-07-05T18:51:06,0.25,"Rain, Overcast",Cloudy skies throughout the day with a chance of rain throughout the day.,rain,"41947099999,41946099999,41958099999,41936099999,remote,41939099999"
"khulna,Bangladesh",7/6/2014,33.9,26.4,29.5,45.3,26.4,36.8,26.9,86.6,4.2,100,62.5,rain,,,,18.4,185.8,1003.4,55.9,6.5,268.4,23.2,8,,2014-07-06T05:21:56,2014-07-06T18:51:04,0.29,"Rain, Partially cloudy",Partly cloudy throughout the day with a chance of rain throughout the day.,rain,"41947099999,41946099999,41958099999,41936099999,remote,41939099999"
"khulna,Bangladesh",7/7/2014,33.2,26.9,29.5,44.2,31.1,36.9,26.7,85.5,1.1,100,37.5,rain,,,,21.2,208.3,1002.4,83.9,6.5,247.9,21.5,8,,2014-07-07T05:22:19,2014-07-07T18:51:01,0.33,"Rain, Partially cloudy",Partly cloudy throughout the day with rain clearing later.,rain,"41947099999,41946099999,41958099999,41936099999,remote,41939099999"
"khulna,Bangladesh",7/8/2014,35.4,27.2,29.5,47.3,31.9,37,26.9,86.8,2,100,62.5,rain,,,,21.2,200,999.6,80.7,6.3,183.3,15.9,6,,2014-07-08T05:22:41,2014-07-08T18:50:57,0.36,"Rain, Partially cloudy",Partly cloudy throughout the day with rain.,rain,"41947099999,41946099999,41958099999,41936099999,remote,41939099999"
"khulna,Bangladesh",7/9/2014,33.5,27.1,30.1,44.7,31.8,39.3,27.5,86.8,3.4,100,66.67,rain,,,,14,188.1,999,52.8,6.7,245.2,21.2,8,,2014-07-09T05:23:05,2014-07-09T18:50:51,0.39,"Rain, Partially cloudy",Becoming cloudy in the afternoon with a chance of rain throughout the day.,rain,"41947099999,41946099999,41958099999,41936099999,remote,41939099999"
"khulna,Bangladesh",7/10/2014,33.7,27.2,30,46.5,31.6,38.6,27.2,85.7,2.8,100,50,rain,,,,17.3,160,998.9,45.4,7.4,220.7,19.1,7,,2014-07-10T05:23:28,2014-07-10T18:50:45,0.43,"Rain, Partially cloudy",Partly cloudy throughout the day with rain.,rain,"41947099999,41946099999,41958099999,41936099999,remote,41939099999"
"khulna,Bangladesh",7/11/2014,34.8,26.9,30.1,45.5,30.7,37.8,26.6,82.4,4.1,100,91.67,rain,,,,8.3,130,998.7,80,7.7,190.2,16.5,6,,2014-07-11T05:23:52,2014-07-11T18:50:37,0.46,"Rain, Partially cloudy",Partly cloudy throughout the day with a chance of rain throughout the day.,rain,"41947099999,41946099999,41958099999,41936099999,remote,41939099999"
"khulna,Bangladesh",7/12/2014,34.1,27.1,29.8,44.6,31.7,38,27.1,86.1,7,100,100,rain,,,,16.9,124.4,998,85,6.9,218.1,18.6,8,,2014-07-12T05:24:16,2014-07-12T18:50:28,0.5,"Rain, Partially cloudy",Partly cloudy throughout the day with a chance of rain throughout the day.,rain,"41947099999,41946099999,41958099999,41936099999,remote,41939099999"
"khulna,Bangladesh",7/13/2014,33.1,27.3,29.4,44.1,32.4,37.4,27.1,87.8,6,100,100,rain,,,,19.8,120.2,998.5,85.7,6.6,142.6,12.2,4,,2014-07-13T05:24:40,2014-07-13T18:50:18,0.53,"Rain, Partially cloudy",Partly cloudy throughout the day with a chance of rain throughout the day.,rain,"41947099999,41946099999,41958099999,41936099999,remote,41939099999"
"khulna,Bangladesh",7/14/2014,32.8,27.4,29.4,43.7,32.6,37.7,27.2,88.2,9,100,75,rain,,,,22.7,148.3,998.5,86.7,6.3,180.8,15.5,6,,2014-07-14T05:25:05,2014-07-14T18:50:07,0.56,"Rain, Partially cloudy",Partly cloudy throughout the day with a chance of rain throughout the day.,rain,"41947099999,41946099999,41958099999,41936099999,remote,41939099999"
"khulna,Bangladesh",7/15/2014,31.9,27,29.1,42.4,31.3,36.5,26.8,87.7,3.9,100,83.33,rain,,,,23,147.5,999.3,92.4,6.9,208.4,18.1,6,,2014-07-15T05:25:30,2014-07-15T18:49:55,0.6,"Rain, Overcast",Cloudy skies throughout the day with a chance of rain throughout the day.,rain,"41947099999,41946099999,41958099999,41936099999,remote,41939099999"
"khulna,Bangladesh",7/16/2014,32.1,26.9,28.8,41.4,30.9,35.6,26.7,89.2,11.2,100,100,rain,,,,22,188.6,999.3,94.5,6.1,232.8,20.2,8,,2014-07-16T05:25:55,2014-07-16T18:49:41,0.63,"Rain, Overcast",Cloudy skies throughout the day with a chance of rain throughout the day.,rain,"41947099999,41946099999,41958099999,41936099999,remote,41939099999"
"khulna,Bangladesh",7/17/2014,31.4,27.1,28.8,41.2,31.5,35.7,26.8,89.5,12.1,100,100,rain,,,,22.7,195.7,999.5,94.4,6.5,182,15.7,6,,2014-07-17T05:26:20,2014-07-17T18:49:27,0.66,"Rain, Overcast",Cloudy skies throughout the day with a chance of rain throughout the day.,rain,"41947099999,41946099999,41958099999,41936099999,remote,41939099999"
"khulna,Bangladesh",7/18/2014,32.2,27,29.2,42.7,31.5,37.2,27.3,90.1,11.6,100,100,rain,,,,11.9,176.8,998.2,90.3,6.8,150.4,12.9,5,,2014-07-18T05:26:45,2014-07-18T18:49:11,0.7,"Rain, Overcast",Cloudy skies throughout the day with a chance of rain throughout the day.,rain,"41947099999,41946099999,41958099999,41936099999,remote,41939099999"
"khulna,Bangladesh",7/19/2014,32.8,27.1,29.3,43.7,31.7,37.5,27.2,88.9,10,100,100,rain,,,,11.9,230.9,996.7,90.3,6.8,134.4,11.5,5,,2014-07-19T05:27:11,2014-07-19T18:48:53,0.75,"Rain, Overcast",Cloudy skies throughout the day with a chance of rain throughout the day.,rain,"41947099999,41946099999,41958099999,41936099999,remote,41939099999"
"khulna,Bangladesh",7/20/2014,32.2,27,29,42.1,31.2,36.3,26.9,88.8,11.7,100,100,rain,,,,16.2,169.8,993.4,74,7,197.1,17,8,,2014-07-20T05:27:36,2014-07-20T18:48:35,0.77,"Rain, Partially cloudy",Partly cloudy throughout the day with a chance of rain throughout the day.,rain,"41947099999,41946099999,41958099999,41936099999,remote,41939099999"
"khulna,Bangladesh",7/21/2014,30.7,26.7,28.2,41.4,26.7,34.1,26.5,91,24.9,100,100,rain,,,,27.7,154.7,994,78.3,5.8,200.9,17.4,6,,2014-07-21T05:28:02,2014-07-21T18:48:16,0.8,"Rain, Partially cloudy",Partly cloudy throughout the day with a chance of rain throughout the day.,rain,"41947099999,41946099999,41958099999,41936099999,remote,41939099999"
"khulna,Bangladesh",7/22/2014,30.6,25.6,27.5,37.4,25.6,30.8,26,91.7,7.3,100,91.67,rain,,,,20.5,159.8,998.5,92.8,5.4,108.6,9.3,4,,2014-07-22T05:28:28,2014-07-22T18:47:55,0.84,"Rain, Overcast",Cloudy skies throughout the day with a chance of rain throughout the day.,rain,"41947099999,41946099999,41958099999,41936099999,remote,41939099999"
"khulna,Bangladesh",7/23/2014,32.4,25.9,28,40.1,25.9,32.4,26,89.8,4.2,100,83.33,rain,,,,8.3,173.5,1000.4,90.3,6.5,108.8,9.4,3,,2014-07-23T05:28:53,2014-07-23T18:47:33,0.87,"Rain, Overcast",Cloudy skies throughout the day with a chance of rain throughout the day.,rain,"41947099999,41946099999,41958099999,41936099999,remote,41939099999"
"khulna,Bangladesh",7/24/2014,32.1,25.7,28.2,38.2,25.7,32.4,25.6,86.5,13.3,100,79.17,rain,,,,9.7,177.3,1000.9,90.7,5.6,186,16,6,,2014-07-24T05:29:19,2014-07-24T18:47:10,0.91,"Rain, Overcast",Cloudy skies throughout the day with a chance of rain throughout the day.,rain,"41947099999,41946099999,41958099999,41936099999,remote,41939099999"
"khulna,Bangladesh",7/25/2014,32.7,25.7,28.5,40.2,25.7,33.5,26,86.8,13.7,100,70.83,rain,,,,7.2,164.6,1001.5,72.5,3.5,220.9,19.1,7,,2014-07-25T05:29:45,2014-07-25T18:46:46,0.94,"Rain, Partially cloudy",Partly cloudy throughout the day with a chance of rain throughout the day.,rain,"41936099999,remote"
"khulna,Bangladesh",7/26/2014,32.2,26.1,29,43.4,26.1,35.3,26.7,88.3,6,100,95.83,rain,,,,11.9,147.4,1002.3,82,6.9,213.6,18.5,7,,2014-07-26T05:30:10,2014-07-26T18:46:21,0.98,"Rain, Partially cloudy",Partly cloudy throughout the day with a chance of rain throughout the day.,rain,"41947099999,41946099999,41958099999,41936099999,remote,41939099999"
"khulna,Bangladesh",7/27/2014,31.9,26.3,28.3,40.7,26.3,34,26.7,91.1,6.1,100,100,rain,,,,17.3,114.3,1002.9,88.4,7.1,89,7.6,3,,2014-07-27T05:30:36,2014-07-27T18:45:54,0,"Rain, Partially cloudy",Partly cloudy throughout the day with a chance of rain throughout the day.,rain,"41947099999,41946099999,41958099999,41936099999,remote,41939099999"
"khulna,Bangladesh",7/28/2014,31.2,26.1,28.4,41,26.1,34.1,26.5,89.9,7.6,100,100,rain,,,,18.7,108.9,1000.4,75.2,7,195.3,16.9,6,,2014-07-28T05:31:02,2014-07-28T18:45:27,0.04,"Rain, Partially cloudy",Partly cloudy throughout the day with a chance of rain throughout the day.,rain,"41947099999,41946099999,41958099999,41936099999,remote,41939099999"
"khulna,Bangladesh",7/29/2014,32.1,26.6,28.8,40.8,26.6,34.9,26.7,89.2,6.9,100,100,rain,,,,20.2,123.5,999.3,86.5,6.9,172.7,14.7,6,,2014-07-29T05:31:27,2014-07-29T18:44:58,0.08,"Rain, Partially cloudy",Partly cloudy throughout the day with a chance of rain throughout the day.,rain,"41947099999,41946099999,41958099999,41936099999,remote,41939099999"
"khulna,Bangladesh",7/30/2014,31.8,26.8,28.9,41.8,30.7,36.1,26.9,89.5,8.8,100,100,rain,,,,20.5,129,1000.2,79,6.7,255,21.9,8,,2014-07-30T05:31:52,2014-07-30T18:44:28,0.11,"Rain, Partially cloudy",Partly cloudy throughout the day with a chance of rain throughout the day.,rain,"41947099999,41946099999,41958099999,41936099999,remote,41939099999"
"khulna,Bangladesh",7/31/2014,33.1,26.9,29.1,44,31.1,36.2,26.9,88.6,8.1,100,58.33,rain,,,,17.6,153.1,1001,75.7,7.1,227.2,19.5,8,,2014-07-31T05:32:18,2014-07-31T18:43:57,0.15,"Rain, Partially cloudy",Partly cloudy throughout the day with a chance of rain throughout the day.,rain,"41947099999,41946099999,41958099999,41936099999,remote,41939099999"
"khulna,Bangladesh",8/1/2014,33.1,26.6,28.8,44,26.6,35.4,26.9,89.9,5.2,100,62.5,rain,,,,10.8,174.5,1000.2,78.9,6.8,169.2,14.6,7,,2014-08-01T05:32:43,2014-08-01T18:43:25,0.18,"Rain, Partially cloudy",Partly cloudy throughout the day with rain.,rain,"41947099999,41946099999,41958099999,41936099999,remote,41939099999"
"khulna,Bangladesh",8/2/2014,33.1,26.8,29.5,44,30.8,37.1,26.9,86.7,6.3,100,100,rain,,,,10.9,163.9,997.8,81.4,6.9,210.6,18.3,7,,2014-08-02T05:33:08,2014-08-02T18:42:52,0.21,"Rain, Partially cloudy",Partly cloudy throughout the day with a chance of rain throughout the day.,rain,"41947099999,41946099999,41958099999,41936099999,remote,41939099999"
"khulna,Bangladesh",8/3/2014,32.6,27.1,29,42.9,31.7,36.3,26.9,88.5,4.8,100,79.17,rain,,,,22.3,125.4,994.5,88.9,6.3,225,19.4,9,,2014-08-03T05:33:33,2014-08-03T18:42:18,0.25,"Rain, Partially cloudy",Partly cloudy throughout the day with a chance of rain throughout the day.,rain,"41947099999,41946099999,41958099999,41936099999,remote,41939099999"
"khulna,Bangladesh",8/4/2014,31,27.1,28.4,40.6,30.9,34.9,26.7,90.5,16.8,100,100,rain,,,,30.6,145.4,995.1,84.8,6.7,146.1,12.8,5,,2014-08-04T05:33:57,2014-08-04T18:41:43,0.25,"Rain, Partially cloudy",Partly cloudy throughout the day with a chance of rain throughout the day.,rain,"41947099999,41946099999,41958099999,41936099999,remote,41939099999"
"khulna,Bangladesh",8/5/2014,32.4,27,28.7,44.2,31.3,35.7,26.9,90.2,15.5,100,100,rain,,,,23.8,157.6,998.6,85.8,6.7,143.1,12.3,5,,2014-08-05T05:34:22,2014-08-05T18:41:07,0.31,"Rain, Partially cloudy",Partly cloudy throughout the day with a chance of rain throughout the day.,rain,"41947099999,41946099999,41958099999,41936099999,remote,41939099999"
"khulna,Bangladesh",8/6/2014,32.1,26.3,28.9,44.3,26.3,35.1,26.7,88.5,8.9,100,100,rain,,,,11.5,183.5,999.9,85,6.9,201.5,17.5,7,,2014-08-06T05:34:46,2014-08-06T18:40:30,0.35,"Rain, Partially cloudy",Partly cloudy throughout the day with a chance of rain throughout the day.,rain,"41947099999,41946099999,41958099999,41936099999,remote,41939099999"
"khulna,Bangladesh",8/7/2014,30.7,26.7,28.3,40.4,26.7,34.1,26.5,90.2,4.1,100,75,rain,,,,10.1,206,999.6,86.2,6.5,141.9,12.3,5,,2014-08-07T05:35:10,2014-08-07T18:39:51,0.38,"Rain, Partially cloudy",Partly cloudy throughout the day with a chance of rain throughout the day.,rain,"41947099999,41946099999,41958099999,41936099999,remote,41939099999"
"khulna,Bangladesh",8/8/2014,33.1,26.1,29.4,43.6,26.1,35.8,26.5,85.5,13.9,100,100,rain,,,,10.4,162.3,999.2,62.3,6.5,274.1,23.7,9,,2014-08-08T05:35:34,2014-08-08T18:39:12,0.42,"Rain, Partially cloudy",Partly cloudy throughout the day with a chance of rain throughout the day.,rain,"41947099999,41946099999,41958099999,41936099999,remote,41939099999"
"khulna,Bangladesh",8/9/2014,32.5,26.4,29.1,44.6,26.4,35.5,26.7,87.3,5.1,100,100,rain,,,,17.3,153.8,999.7,46,7.4,269,23.1,9,,2014-08-09T05:35:58,2014-08-09T18:38:32,0.45,"Rain, Partially cloudy",Partly cloudy throughout the day with a chance of rain throughout the day.,rain,"41947099999,41946099999,41958099999,41936099999,remote,41939099999"
"khulna,Bangladesh",8/10/2014,31.7,26.1,28.7,41.9,26.1,34,26.2,86.8,5.9,100,75,rain,,,,23,177.3,1002,42.3,7,255.9,22.1,8,,2014-08-10T05:36:21,2014-08-10T18:37:51,0.48,"Rain, Partially cloudy",Partly cloudy throughout the day with a chance of rain throughout the day.,rain,"41947099999,41946099999,41958099999,41936099999,remote,41939099999"
"khulna,Bangladesh",8/11/2014,32.1,26,29,41.5,26,34.6,26.1,84.8,1.9,100,70.83,rain,,,,20.9,191.4,1002.5,53.4,7.9,266.9,22.9,8,,2014-08-11T05:36:45,2014-08-11T18:37:09,0.5,"Rain, Partially cloudy",Partly cloudy throughout the day with a chance of rain throughout the day.,rain,"41947099999,41946099999,41958099999,41936099999,remote,41939099999"
"khulna,Bangladesh",8/12/2014,32.9,26.5,29.2,43.8,26.5,35.8,26.7,86.9,10.2,100,95.83,rain,,,,20.5,203.2,1001,90.9,6.2,233.1,19.9,8,,2014-08-12T05:37:08,2014-08-12T18:36:26,0.55,"Rain, Overcast",Cloudy skies throughout the day with a chance of rain throughout the day.,rain,"41947099999,41946099999,41958099999,41936099999,remote,41939099999"
"khulna,Bangladesh",8/13/2014,31.2,27,28.8,41.8,31.3,36.5,27.2,91.1,22.3,100,100,rain,,,,21.4,202.8,1000.4,94.8,6.6,201.2,17.3,7,,2014-08-13T05:37:31,2014-08-13T18:35:43,0.58,"Rain, Overcast",Cloudy skies throughout the day with a chance of rain throughout the day.,rain,"41947099999,41946099999,41958099999,41936099999,remote,41939099999"
"khulna,Bangladesh",8/14/2014,29.7,27,28.2,38.8,31.2,34.8,27,93.6,19.6,100,100,rain,,,,24.5,184.2,1001,94.2,6.4,93.7,8,3,,2014-08-14T05:37:53,2014-08-14T18:34:58,0.62,"Rain, Overcast",Cloudy skies throughout the day with a chance of rain throughout the day.,rain,"41947099999,41946099999,41958099999,41936099999,remote,41939099999"
"khulna,Bangladesh",8/15/2014,30.2,26.8,28.2,39.5,30.7,34.7,27,93.4,15.8,100,100,rain,,,,20.2,200.2,1003.1,93.9,6.1,115.4,9.7,4,,2014-08-15T05:38:16,2014-08-15T18:34:13,0.65,"Rain, Overcast",Cloudy skies throughout the day with a chance of rain throughout the day.,rain,"41947099999,41946099999,41958099999,41936099999,remote,41939099999"
"khulna,Bangladesh",8/16/2014,29.3,26,27.8,37.2,26,32.9,26.5,93.1,9.5,100,100,rain,,,,11.5,196.5,1003.6,95,6.4,85.4,7.4,3,,2014-08-16T05:38:38,2014-08-16T18:33:26,0.69,"Rain, Overcast",Cloudy skies throughout the day with a chance of rain throughout the day.,rain,"41947099999,41946099999,41958099999,41936099999,remote,41939099999"
"khulna,Bangladesh",8/17/2014,31.9,25.8,27.7,40.7,25.8,31.2,25.8,89.6,3.7,100,100,rain,,,,13.3,216.1,1004,88.5,6.2,157.9,13.6,5,,2014-08-17T05:39:00,2014-08-17T18:32:39,0.75,"Rain, Partially cloudy",Partly cloudy throughout the day with a chance of rain throughout the day.,rain,"41947099999,41946099999,41958099999,41936099999,remote,41939099999"
"khulna,Bangladesh",8/18/2014,33.4,25.3,28.9,42.8,25.3,34.5,26.1,85.7,6.4,100,100,rain,,,,15.5,192.3,1005.9,74.1,6.7,281.4,24.3,9,,2014-08-18T05:39:21,2014-08-18T18:31:51,0.75,"Rain, Partially cloudy",Partly cloudy throughout the day with a chance of rain throughout the day.,rain,"41947099999,41946099999,41958099999,41936099999,remote,41939099999"
"khulna,Bangladesh",8/19/2014,32.6,26,28.3,43.2,26,33.9,26.4,89.6,12.1,100,100,rain,,,,17.3,206.5,1007,90.4,6.3,187.7,16.3,7,,2014-08-19T05:39:43,2014-08-19T18:31:03,0.79,"Rain, Overcast",Cloudy skies throughout the day with a chance of rain throughout the day.,rain,"41947099999,41946099999,41958099999,41936099999,remote,41939099999"
"khulna,Bangladesh",8/20/2014,30.1,25.3,27.9,37.7,25.3,32.6,26.4,91.6,23.3,100,66.67,rain,,,,13,206.8,1005.9,84.3,6.1,142.8,12.2,5,,2014-08-20T05:40:04,2014-08-20T18:30:14,0.82,"Rain, Partially cloudy",Partly cloudy throughout the day with a chance of rain throughout the day.,rain,"41947099999,41946099999,41958099999,41936099999,remote,41939099999"
"khulna,Bangladesh",8/21/2014,32.8,26.3,28.9,43.6,26.3,34.9,26.5,87.7,3.7,100,45.83,rain,,,,11.2,205,1003.9,76.4,8.3,234.9,20.2,8,,2014-08-21T05:40:25,2014-08-21T18:29:23,0.85,"Rain, Partially cloudy",Partly cloudy throughout the day with rain.,rain,"41947099999,41946099999,41958099999,41936099999,remote,41939099999"
"khulna,Bangladesh",8/22/2014,31,26.3,28.3,40.6,26.3,33.2,26.5,90.3,4,100,70.83,rain,,,,15.5,186.5,1004.6,77.9,6.3,173.6,15,7,,2014-08-22T05:40:46,2014-08-22T18:28:33,0.89,"Rain, Partially cloudy",Partly cloudy throughout the day with a chance of rain throughout the day.,rain,"41947099999,41946099999,41958099999,41936099999,remote,41939099999"
"khulna,Bangladesh",8/23/2014,32.6,26.1,28.4,43.4,26.1,33.2,26.1,88.1,4,100,100,rain,,,,20.5,197.5,1006.2,82.3,7.4,206.1,17.8,7,,2014-08-23T05:41:07,2014-08-23T18:27:41,0.92,"Rain, Partially cloudy",Partly cloudy throughout the day with a chance of rain throughout the day.,rain,"41947099999,41946099999,41958099999,41936099999,remote,41939099999"
"khulna,Bangladesh",8/24/2014,32.3,26,28.5,42.8,26,33.8,26.3,88.2,4.7,100,91.67,rain,,,,17.6,195.1,1006.1,79.3,6.7,202.2,17.4,7,,2014-08-24T05:41:27,2014-08-24T18:26:49,0.95,"Rain, Partially cloudy",Partly cloudy throughout the day with a chance of rain throughout the day.,rain,"41947099999,41946099999,41958099999,41936099999,remote,41939099999"
"khulna,Bangladesh",8/25/2014,32.3,26.1,28.3,41.6,26.1,33.9,26.4,89.7,4,100,79.17,rain,,,,13.3,194.8,1005.9,80.9,6.3,160.3,13.8,6,,2014-08-25T05:41:47,2014-08-25T18:25:56,0,"Rain, Partially cloudy",Partly cloudy throughout the day with a chance of rain throughout the day.,rain,"41947099999,41946099999,41958099999,41936099999,remote,41939099999"
"khulna,Bangladesh",8/26/2014,33,26,28.6,40.8,26,33.6,26.1,87.5,2.3,100,58.33,rain,,,,11.2,190.2,1005,85.8,7.2,184.3,16,6,,2014-08-26T05:42:07,2014-08-26T18:25:03,0.02,"Rain, Partially cloudy",Partly cloudy throughout the day with a chance of rain throughout the day.,rain,"41947099999,41946099999,41958099999,41936099999,remote,41939099999"
"khulna,Bangladesh",8/27/2014,31.9,25.6,28.4,40.7,25.6,33.4,26.1,87.7,2.3,100,70.83,rain,,,,12.2,148.1,1003.1,83.9,6.9,189.3,16.3,7,,2014-08-27T05:42:27,2014-08-27T18:24:09,0.06,"Rain, Partially cloudy",Partly cloudy throughout the day with a chance of rain throughout the day.,rain,"41947099999,41946099999,41958099999,41936099999,remote,41939099999"
"khulna,Bangladesh",8/28/2014,31.9,25.6,28,40.6,25.6,32.8,26.1,89.6,2.7,100,58.33,rain,,,,12.6,111.8,1003.8,90.4,7,149.3,12.9,4,,2014-08-28T05:42:46,2014-08-28T18:23:15,0.09,"Rain, Overcast",Cloudy skies throughout the day with a chance of rain throughout the day.,rain,"41947099999,41946099999,41958099999,41936099999,remote,41939099999"
"khulna,Bangladesh",8/29/2014,33.2,25.7,28.5,44.1,25.7,33.6,26.1,87.3,1.6,100,33.33,rain,,,,13,127.3,1003.5,82.3,6.7,182.1,15.7,6,,2014-08-29T05:43:06,2014-08-29T18:22:20,0.13,"Rain, Partially cloudy",Partly cloudy throughout the day with rain.,rain,"41947099999,41946099999,41958099999,41936099999,remote,41939099999"
"khulna,Bangladesh",8/30/2014,33.1,26,28.2,42.4,26,32.4,26,88.4,5.2,100,100,rain,,,,15.1,145.3,1003.3,76.1,6.7,132,11.4,4,,2014-08-30T05:43:25,2014-08-30T18:21:24,0.16,"Rain, Partially cloudy",Partly cloudy throughout the day with a chance of rain throughout the day.,rain,"41947099999,41946099999,41958099999,41936099999,remote,41939099999"
"khulna,Bangladesh",8/31/2014,30.5,25.9,27.5,38.2,25.9,30.8,25.7,90.3,19.2,100,100,rain,,,,17.6,126,1001.5,89,6.7,120.6,10.2,5,,2014-08-31T05:43:44,2014-08-31T18:20:28,0.2,"Rain, Partially cloudy",Partly cloudy throughout the day with a chance of rain throughout the day.,rain,"41947099999,41946099999,41958099999,41936099999,remote,41939099999"
